game_id,commence_time,in_play,bookmaker,last_update,home_team,away_team,market,label_1,odd_1,point_1,label_2,odd_2,point_2,odd_draw
612c2c3f6ca9e10d4b7ead21a2b0ff38,9/5/2024,FALSE,DraftKings,5/16/2024,Kansas City Chiefs,Baltimore Ravens,spreads,Kansas City Chiefs,-110,-3,Baltimore Ravens,-110,3,
612c2c3f6ca9e10d4b7ead21a2b0ff38,9/5/2024,FALSE,Caesars,5/16/2024,Kansas City Chiefs,Baltimore Ravens,spreads,Kansas City Chiefs,-105,-3,Baltimore Ravens,-115,3,
612c2c3f6ca9e10d4b7ead21a2b0ff38,9/5/2024,FALSE,BetOnline.ag,5/16/2024,Kansas City Chiefs,Baltimore Ravens,spreads,Kansas City Chiefs,-115,-2.5,Baltimore Ravens,-105,2.5,
612c2c3f6ca9e10d4b7ead21a2b0ff38,9/5/2024,FALSE,LowVig.ag,5/16/2024,Kansas City Chiefs,Baltimore Ravens,spreads,Kansas City Chiefs,-110,-2.5,Baltimore Ravens,100,2.5,
612c2c3f6ca9e10d4b7ead21a2b0ff38,9/5/2024,FALSE,BetRivers,5/16/2024,Kansas City Chiefs,Baltimore Ravens,spreads,Kansas City Chiefs,-107,-3,Baltimore Ravens,-114,3,
612c2c3f6ca9e10d4b7ead21a2b0ff38,9/5/2024,FALSE,BetMGM,5/16/2024,Kansas City Chiefs,Baltimore Ravens,spreads,Kansas City Chiefs,-115,-2.5,Baltimore Ravens,-105,2.5,
612c2c3f6ca9e10d4b7ead21a2b0ff38,9/5/2024,FALSE,MyBookie.ag,5/16/2024,Kansas City Chiefs,Baltimore Ravens,spreads,Kansas City Chiefs,-115,-3,Baltimore Ravens,-120,3,
612c2c3f6ca9e10d4b7ead21a2b0ff38,9/5/2024,FALSE,BetUS,5/16/2024,Kansas City Chiefs,Baltimore Ravens,spreads,Kansas City Chiefs,-115,-2.5,Baltimore Ravens,-105,2.5,
612c2c3f6ca9e10d4b7ead21a2b0ff38,9/5/2024,FALSE,SuperBook,5/16/2024,Kansas City Chiefs,Baltimore Ravens,spreads,Kansas City Chiefs,-120,-2.5,Baltimore Ravens,100,2.5,
eca3b71919531e7ae0b4f3f501157e6c,9/6/2024,FALSE,DraftKings,5/16/2024,Philadelphia Eagles,Green Bay Packers,spreads,Philadelphia Eagles,-112,-1.5,Green Bay Packers,-108,1.5,
eca3b71919531e7ae0b4f3f501157e6c,9/6/2024,FALSE,BetOnline.ag,5/16/2024,Philadelphia Eagles,Green Bay Packers,spreads,Philadelphia Eagles,-105,-1.5,Green Bay Packers,-115,1.5,
eca3b71919531e7ae0b4f3f501157e6c,9/6/2024,FALSE,LowVig.ag,5/16/2024,Philadelphia Eagles,Green Bay Packers,spreads,Philadelphia Eagles,100,-1.5,Green Bay Packers,-110,1.5,
eca3b71919531e7ae0b4f3f501157e6c,9/6/2024,FALSE,BetMGM,5/16/2024,Philadelphia Eagles,Green Bay Packers,spreads,Philadelphia Eagles,-110,-1.5,Green Bay Packers,-110,1.5,
eca3b71919531e7ae0b4f3f501157e6c,9/6/2024,FALSE,Caesars,5/16/2024,Philadelphia Eagles,Green Bay Packers,spreads,Philadelphia Eagles,-110,-1.5,Green Bay Packers,-110,1.5,
eca3b71919531e7ae0b4f3f501157e6c,9/6/2024,FALSE,BetRivers,5/16/2024,Philadelphia Eagles,Green Bay Packers,spreads,Philadelphia Eagles,-110,-1.5,Green Bay Packers,-110,1.5,
eca3b71919531e7ae0b4f3f501157e6c,9/6/2024,FALSE,MyBookie.ag,5/16/2024,Philadelphia Eagles,Green Bay Packers,spreads,Philadelphia Eagles,-114,-2.5,Green Bay Packers,-121,2.5,
eca3b71919531e7ae0b4f3f501157e6c,9/6/2024,FALSE,BetUS,5/16/2024,Philadelphia Eagles,Green Bay Packers,spreads,Philadelphia Eagles,-110,-1.5,Green Bay Packers,-110,1.5,
eca3b71919531e7ae0b4f3f501157e6c,9/6/2024,FALSE,SuperBook,5/16/2024,Philadelphia Eagles,Green Bay Packers,spreads,Philadelphia Eagles,-110,-1,Green Bay Packers,-110,1,
92665529cce6b8089e793d1e7d5e4b66,9/8/2024,FALSE,DraftKings,5/16/2024,Atlanta Falcons,Pittsburgh Steelers,spreads,Atlanta Falcons,-118,-2.5,Pittsburgh Steelers,-102,2.5,
92665529cce6b8089e793d1e7d5e4b66,9/8/2024,FALSE,BetRivers,5/16/2024,Atlanta Falcons,Pittsburgh Steelers,spreads,Atlanta Falcons,-106,-3,Pittsburgh Steelers,-115,3,
92665529cce6b8089e793d1e7d5e4b66,9/8/2024,FALSE,Caesars,5/16/2024,Atlanta Falcons,Pittsburgh Steelers,spreads,Atlanta Falcons,-110,-3,Pittsburgh Steelers,-110,3,
92665529cce6b8089e793d1e7d5e4b66,9/8/2024,FALSE,BetUS,5/16/2024,Atlanta Falcons,Pittsburgh Steelers,spreads,Atlanta Falcons,-110,-3,Pittsburgh Steelers,-110,3,
92665529cce6b8089e793d1e7d5e4b66,9/8/2024,FALSE,SuperBook,5/16/2024,Atlanta Falcons,Pittsburgh Steelers,spreads,Atlanta Falcons,-110,-3,Pittsburgh Steelers,-110,3,
92665529cce6b8089e793d1e7d5e4b66,9/8/2024,FALSE,MyBookie.ag,5/16/2024,Atlanta Falcons,Pittsburgh Steelers,spreads,Atlanta Falcons,-115,-3,Pittsburgh Steelers,-120,3,
92665529cce6b8089e793d1e7d5e4b66,9/8/2024,FALSE,BetOnline.ag,5/16/2024,Atlanta Falcons,Pittsburgh Steelers,spreads,Atlanta Falcons,-110,-3,Pittsburgh Steelers,-110,3,
92665529cce6b8089e793d1e7d5e4b66,9/8/2024,FALSE,LowVig.ag,5/16/2024,Atlanta Falcons,Pittsburgh Steelers,spreads,Atlanta Falcons,-105,-3,Pittsburgh Steelers,-105,3,
7a5e353202d40a844491fa5753bc3097,9/8/2024,FALSE,DraftKings,5/16/2024,Buffalo Bills,Arizona Cardinals,spreads,Buffalo Bills,-120,-7,Arizona Cardinals,100,7,
7a5e353202d40a844491fa5753bc3097,9/8/2024,FALSE,Caesars,5/16/2024,Buffalo Bills,Arizona Cardinals,spreads,Buffalo Bills,-110,-7,Arizona Cardinals,-110,7,
7a5e353202d40a844491fa5753bc3097,9/8/2024,FALSE,BetRivers,5/16/2024,Buffalo Bills,Arizona Cardinals,spreads,Buffalo Bills,-110,-7,Arizona Cardinals,-110,7,
7a5e353202d40a844491fa5753bc3097,9/8/2024,FALSE,BetUS,5/16/2024,Buffalo Bills,Arizona Cardinals,spreads,Buffalo Bills,-110,-7,Arizona Cardinals,-110,7,
7a5e353202d40a844491fa5753bc3097,9/8/2024,FALSE,SuperBook,5/16/2024,Buffalo Bills,Arizona Cardinals,spreads,Buffalo Bills,-110,-7,Arizona Cardinals,-110,7,
7a5e353202d40a844491fa5753bc3097,9/8/2024,FALSE,MyBookie.ag,5/16/2024,Buffalo Bills,Arizona Cardinals,spreads,Buffalo Bills,-112,-7.5,Arizona Cardinals,-124,7.5,
7a5e353202d40a844491fa5753bc3097,9/8/2024,FALSE,BetOnline.ag,5/16/2024,Buffalo Bills,Arizona Cardinals,spreads,Buffalo Bills,-110,-7,Arizona Cardinals,-110,7,
7a5e353202d40a844491fa5753bc3097,9/8/2024,FALSE,LowVig.ag,5/16/2024,Buffalo Bills,Arizona Cardinals,spreads,Buffalo Bills,-105,-7,Arizona Cardinals,-105,7,
022add645ca37d612dbb69e8ef02f6b9,9/8/2024,FALSE,DraftKings,5/16/2024,New Orleans Saints,Carolina Panthers,spreads,New Orleans Saints,-108,-4.5,Carolina Panthers,-112,4.5,
022add645ca37d612dbb69e8ef02f6b9,9/8/2024,FALSE,Caesars,5/16/2024,New Orleans Saints,Carolina Panthers,spreads,New Orleans Saints,-110,-4.5,Carolina Panthers,-110,4.5,
022add645ca37d612dbb69e8ef02f6b9,9/8/2024,FALSE,BetRivers,5/16/2024,New Orleans Saints,Carolina Panthers,spreads,New Orleans Saints,-110,-5.5,Carolina Panthers,-110,5.5,
022add645ca37d612dbb69e8ef02f6b9,9/8/2024,FALSE,SuperBook,5/16/2024,New Orleans Saints,Carolina Panthers,spreads,New Orleans Saints,-110,-5.5,Carolina Panthers,-110,5.5,
022add645ca37d612dbb69e8ef02f6b9,9/8/2024,FALSE,MyBookie.ag,5/16/2024,New Orleans Saints,Carolina Panthers,spreads,New Orleans Saints,-120,-4,Carolina Panthers,-114,4,
022add645ca37d612dbb69e8ef02f6b9,9/8/2024,FALSE,LowVig.ag,5/16/2024,New Orleans Saints,Carolina Panthers,spreads,New Orleans Saints,-105,-5,Carolina Panthers,-105,5,
022add645ca37d612dbb69e8ef02f6b9,9/8/2024,FALSE,BetOnline.ag,5/16/2024,New Orleans Saints,Carolina Panthers,spreads,New Orleans Saints,-110,-5,Carolina Panthers,-110,5,
022add645ca37d612dbb69e8ef02f6b9,9/8/2024,FALSE,BetUS,5/16/2024,New Orleans Saints,Carolina Panthers,spreads,New Orleans Saints,-110,-5,Carolina Panthers,-110,5,
b5b9d07cdd5c7bd14e943ccd7973e6a2,9/8/2024,FALSE,DraftKings,5/16/2024,Chicago Bears,Tennessee Titans,spreads,Chicago Bears,-110,-4.5,Tennessee Titans,-110,4.5,
b5b9d07cdd5c7bd14e943ccd7973e6a2,9/8/2024,FALSE,BetRivers,5/16/2024,Chicago Bears,Tennessee Titans,spreads,Chicago Bears,-110,-4.5,Tennessee Titans,-110,4.5,
b5b9d07cdd5c7bd14e943ccd7973e6a2,9/8/2024,FALSE,Caesars,5/16/2024,Chicago Bears,Tennessee Titans,spreads,Chicago Bears,-110,-4.5,Tennessee Titans,-110,4.5,
b5b9d07cdd5c7bd14e943ccd7973e6a2,9/8/2024,FALSE,SuperBook,5/16/2024,Chicago Bears,Tennessee Titans,spreads,Chicago Bears,-110,-4.5,Tennessee Titans,-110,4.5,
b5b9d07cdd5c7bd14e943ccd7973e6a2,9/8/2024,FALSE,MyBookie.ag,5/16/2024,Chicago Bears,Tennessee Titans,spreads,Chicago Bears,-119,-4.5,Tennessee Titans,-115,4.5,
b5b9d07cdd5c7bd14e943ccd7973e6a2,9/8/2024,FALSE,BetUS,5/16/2024,Chicago Bears,Tennessee Titans,spreads,Chicago Bears,-110,-4.5,Tennessee Titans,-110,4.5,
b5b9d07cdd5c7bd14e943ccd7973e6a2,9/8/2024,FALSE,BetOnline.ag,5/16/2024,Chicago Bears,Tennessee Titans,spreads,Chicago Bears,-110,-4.5,Tennessee Titans,-110,4.5,
b5b9d07cdd5c7bd14e943ccd7973e6a2,9/8/2024,FALSE,LowVig.ag,5/16/2024,Chicago Bears,Tennessee Titans,spreads,Chicago Bears,-105,-4.5,Tennessee Titans,-105,4.5,
5f14ebd3a8f10d141a7f0c2dcf510368,9/8/2024,FALSE,DraftKings,5/16/2024,Cincinnati Bengals,New England Patriots,spreads,Cincinnati Bengals,-110,-8.5,New England Patriots,-110,8.5,
5f14ebd3a8f10d141a7f0c2dcf510368,9/8/2024,FALSE,Caesars,5/16/2024,Cincinnati Bengals,New England Patriots,spreads,Cincinnati Bengals,-110,-8.5,New England Patriots,-110,8.5,
5f14ebd3a8f10d141a7f0c2dcf510368,9/8/2024,FALSE,BetRivers,5/16/2024,Cincinnati Bengals,New England Patriots,spreads,Cincinnati Bengals,-109,-9,New England Patriots,-112,9,
5f14ebd3a8f10d141a7f0c2dcf510368,9/8/2024,FALSE,SuperBook,5/16/2024,Cincinnati Bengals,New England Patriots,spreads,Cincinnati Bengals,-110,-9,New England Patriots,-110,9,
5f14ebd3a8f10d141a7f0c2dcf510368,9/8/2024,FALSE,MyBookie.ag,5/16/2024,Cincinnati Bengals,New England Patriots,spreads,Cincinnati Bengals,-118,-8,New England Patriots,-116,8,
5f14ebd3a8f10d141a7f0c2dcf510368,9/8/2024,FALSE,BetOnline.ag,5/16/2024,Cincinnati Bengals,New England Patriots,spreads,Cincinnati Bengals,-110,-9,New England Patriots,-110,9,
5f14ebd3a8f10d141a7f0c2dcf510368,9/8/2024,FALSE,LowVig.ag,5/16/2024,Cincinnati Bengals,New England Patriots,spreads,Cincinnati Bengals,-105,-9,New England Patriots,-105,9,
5f14ebd3a8f10d141a7f0c2dcf510368,9/8/2024,FALSE,BetUS,5/16/2024,Cincinnati Bengals,New England Patriots,spreads,Cincinnati Bengals,-110,-9,New England Patriots,-110,9,
60fdc65ee27ab7dbe07dc06ef35afadc,9/8/2024,FALSE,Caesars,5/16/2024,Indianapolis Colts,Houston Texans,spreads,Indianapolis Colts,-110,2,Houston Texans,-110,-2,
60fdc65ee27ab7dbe07dc06ef35afadc,9/8/2024,FALSE,DraftKings,5/16/2024,Indianapolis Colts,Houston Texans,spreads,Indianapolis Colts,-110,1.5,Houston Texans,-110,-1.5,
60fdc65ee27ab7dbe07dc06ef35afadc,9/8/2024,FALSE,BetRivers,5/16/2024,Indianapolis Colts,Houston Texans,spreads,Indianapolis Colts,-110,1.5,Houston Texans,-110,-1.5,
60fdc65ee27ab7dbe07dc06ef35afadc,9/8/2024,FALSE,SuperBook,5/16/2024,Indianapolis Colts,Houston Texans,spreads,Indianapolis Colts,-110,2.5,Houston Texans,-110,-2.5,
60fdc65ee27ab7dbe07dc06ef35afadc,9/8/2024,FALSE,MyBookie.ag,5/16/2024,Indianapolis Colts,Houston Texans,spreads,Indianapolis Colts,-116,1.5,Houston Texans,-118,-1.5,
60fdc65ee27ab7dbe07dc06ef35afadc,9/8/2024,FALSE,LowVig.ag,5/16/2024,Indianapolis Colts,Houston Texans,spreads,Indianapolis Colts,-105,2.5,Houston Texans,-105,-2.5,
60fdc65ee27ab7dbe07dc06ef35afadc,9/8/2024,FALSE,BetOnline.ag,5/16/2024,Indianapolis Colts,Houston Texans,spreads,Indianapolis Colts,-110,2.5,Houston Texans,-110,-2.5,
60fdc65ee27ab7dbe07dc06ef35afadc,9/8/2024,FALSE,BetUS,5/16/2024,Indianapolis Colts,Houston Texans,spreads,Indianapolis Colts,-110,2.5,Houston Texans,-110,-2.5,
8c0e75b0a4ea07212e741acf25ad96b6,9/8/2024,FALSE,Caesars,5/16/2024,Miami Dolphins,Jacksonville Jaguars,spreads,Miami Dolphins,-110,-3.5,Jacksonville Jaguars,-110,3.5,
8c0e75b0a4ea07212e741acf25ad96b6,9/8/2024,FALSE,DraftKings,5/16/2024,Miami Dolphins,Jacksonville Jaguars,spreads,Miami Dolphins,-110,-3.5,Jacksonville Jaguars,-110,3.5,
8c0e75b0a4ea07212e741acf25ad96b6,9/8/2024,FALSE,BetRivers,5/16/2024,Miami Dolphins,Jacksonville Jaguars,spreads,Miami Dolphins,-112,-3.5,Jacksonville Jaguars,-109,3.5,
8c0e75b0a4ea07212e741acf25ad96b6,9/8/2024,FALSE,BetUS,5/16/2024,Miami Dolphins,Jacksonville Jaguars,spreads,Miami Dolphins,-110,-3.5,Jacksonville Jaguars,-110,3.5,
8c0e75b0a4ea07212e741acf25ad96b6,9/8/2024,FALSE,SuperBook,5/16/2024,Miami Dolphins,Jacksonville Jaguars,spreads,Miami Dolphins,-110,-3.5,Jacksonville Jaguars,-110,3.5,
8c0e75b0a4ea07212e741acf25ad96b6,9/8/2024,FALSE,MyBookie.ag,5/16/2024,Miami Dolphins,Jacksonville Jaguars,spreads,Miami Dolphins,-115,-3.5,Jacksonville Jaguars,-120,3.5,
8c0e75b0a4ea07212e741acf25ad96b6,9/8/2024,FALSE,BetOnline.ag,5/16/2024,Miami Dolphins,Jacksonville Jaguars,spreads,Miami Dolphins,-110,-4,Jacksonville Jaguars,-110,4,
8c0e75b0a4ea07212e741acf25ad96b6,9/8/2024,FALSE,LowVig.ag,5/16/2024,Miami Dolphins,Jacksonville Jaguars,spreads,Miami Dolphins,-105,-4,Jacksonville Jaguars,-105,4,
c483f5c8e0ee5f1f5abdd75870eeeffc,9/8/2024,FALSE,DraftKings,5/16/2024,New York Giants,Minnesota Vikings,spreads,New York Giants,-105,-1,Minnesota Vikings,-115,1,
c483f5c8e0ee5f1f5abdd75870eeeffc,9/8/2024,FALSE,Caesars,5/16/2024,New York Giants,Minnesota Vikings,spreads,New York Giants,-110,-1,Minnesota Vikings,-110,1,
c483f5c8e0ee5f1f5abdd75870eeeffc,9/8/2024,FALSE,BetRivers,5/16/2024,New York Giants,Minnesota Vikings,spreads,New York Giants,-107,-1,Minnesota Vikings,-114,1,
c483f5c8e0ee5f1f5abdd75870eeeffc,9/8/2024,FALSE,BetUS,5/16/2024,New York Giants,Minnesota Vikings,spreads,New York Giants,-110,-1,Minnesota Vikings,-110,1,
c483f5c8e0ee5f1f5abdd75870eeeffc,9/8/2024,FALSE,SuperBook,5/16/2024,New York Giants,Minnesota Vikings,spreads,New York Giants,-110,-1,Minnesota Vikings,-110,1,
c483f5c8e0ee5f1f5abdd75870eeeffc,9/8/2024,FALSE,MyBookie.ag,5/16/2024,New York Giants,Minnesota Vikings,spreads,New York Giants,-117,0,Minnesota Vikings,-117,0,
c483f5c8e0ee5f1f5abdd75870eeeffc,9/8/2024,FALSE,BetOnline.ag,5/16/2024,New York Giants,Minnesota Vikings,spreads,New York Giants,-110,-1,Minnesota Vikings,-110,1,
c483f5c8e0ee5f1f5abdd75870eeeffc,9/8/2024,FALSE,LowVig.ag,5/16/2024,New York Giants,Minnesota Vikings,spreads,New York Giants,-105,-1,Minnesota Vikings,-105,1,
afb7e137dbb2a3de38d2d3cb68897e3b,9/8/2024,FALSE,Caesars,5/16/2024,Seattle Seahawks,Denver Broncos,spreads,Seattle Seahawks,-110,-5,Denver Broncos,-110,5,
afb7e137dbb2a3de38d2d3cb68897e3b,9/8/2024,FALSE,DraftKings,5/16/2024,Seattle Seahawks,Denver Broncos,spreads,Seattle Seahawks,-110,-4.5,Denver Broncos,-110,4.5,
afb7e137dbb2a3de38d2d3cb68897e3b,9/8/2024,FALSE,BetRivers,5/16/2024,Seattle Seahawks,Denver Broncos,spreads,Seattle Seahawks,-110,-4.5,Denver Broncos,-110,4.5,
afb7e137dbb2a3de38d2d3cb68897e3b,9/8/2024,FALSE,SuperBook,5/16/2024,Seattle Seahawks,Denver Broncos,spreads,Seattle Seahawks,-110,-6,Denver Broncos,-110,6,
afb7e137dbb2a3de38d2d3cb68897e3b,9/8/2024,FALSE,MyBookie.ag,5/16/2024,Seattle Seahawks,Denver Broncos,spreads,Seattle Seahawks,-117,-4,Denver Broncos,-118,4,
afb7e137dbb2a3de38d2d3cb68897e3b,9/8/2024,FALSE,LowVig.ag,5/16/2024,Seattle Seahawks,Denver Broncos,spreads,Seattle Seahawks,-105,-5,Denver Broncos,-105,5,
afb7e137dbb2a3de38d2d3cb68897e3b,9/8/2024,FALSE,BetOnline.ag,5/16/2024,Seattle Seahawks,Denver Broncos,spreads,Seattle Seahawks,-110,-5,Denver Broncos,-110,5,
a2f9dcdf49ccacf33036a0b795413a6e,9/8/2024,FALSE,DraftKings,5/16/2024,Los Angeles Chargers,Las Vegas Raiders,spreads,Los Angeles Chargers,-110,-3,Las Vegas Raiders,-110,3,
a2f9dcdf49ccacf33036a0b795413a6e,9/8/2024,FALSE,Caesars,5/16/2024,Los Angeles Chargers,Las Vegas Raiders,spreads,Los Angeles Chargers,-110,-3.5,Las Vegas Raiders,-110,3.5,
a2f9dcdf49ccacf33036a0b795413a6e,9/8/2024,FALSE,BetRivers,5/16/2024,Los Angeles Chargers,Las Vegas Raiders,spreads,Los Angeles Chargers,-110,-3.5,Las Vegas Raiders,-110,3.5,
a2f9dcdf49ccacf33036a0b795413a6e,9/8/2024,FALSE,SuperBook,5/16/2024,Los Angeles Chargers,Las Vegas Raiders,spreads,Los Angeles Chargers,-110,-3.5,Las Vegas Raiders,-110,3.5,
a2f9dcdf49ccacf33036a0b795413a6e,9/8/2024,FALSE,MyBookie.ag,5/16/2024,Los Angeles Chargers,Las Vegas Raiders,spreads,Los Angeles Chargers,-122,-3,Las Vegas Raiders,-113,3,
a2f9dcdf49ccacf33036a0b795413a6e,9/8/2024,FALSE,BetUS,5/16/2024,Los Angeles Chargers,Las Vegas Raiders,spreads,Los Angeles Chargers,-110,-3.5,Las Vegas Raiders,-110,3.5,
a2f9dcdf49ccacf33036a0b795413a6e,9/8/2024,FALSE,BetOnline.ag,5/16/2024,Los Angeles Chargers,Las Vegas Raiders,spreads,Los Angeles Chargers,-106,-4,Las Vegas Raiders,-114,4,
a2f9dcdf49ccacf33036a0b795413a6e,9/8/2024,FALSE,LowVig.ag,5/16/2024,Los Angeles Chargers,Las Vegas Raiders,spreads,Los Angeles Chargers,-101,-4,Las Vegas Raiders,-109,4,
a1682ca5d9e0c4b14d19ed69d6299806,9/8/2024,FALSE,Caesars,5/16/2024,Cleveland Browns,Dallas Cowboys,spreads,Cleveland Browns,-110,1,Dallas Cowboys,-110,-1,
a1682ca5d9e0c4b14d19ed69d6299806,9/8/2024,FALSE,BetOnline.ag,5/16/2024,Cleveland Browns,Dallas Cowboys,spreads,Cleveland Browns,-110,1,Dallas Cowboys,-110,-1,
a1682ca5d9e0c4b14d19ed69d6299806,9/8/2024,FALSE,LowVig.ag,5/16/2024,Cleveland Browns,Dallas Cowboys,spreads,Cleveland Browns,-105,1,Dallas Cowboys,-105,-1,
a1682ca5d9e0c4b14d19ed69d6299806,9/8/2024,FALSE,DraftKings,5/16/2024,Cleveland Browns,Dallas Cowboys,spreads,Cleveland Browns,-105,-1,Dallas Cowboys,-115,1,
a1682ca5d9e0c4b14d19ed69d6299806,9/8/2024,FALSE,SuperBook,5/16/2024,Cleveland Browns,Dallas Cowboys,spreads,Cleveland Browns,-110,1,Dallas Cowboys,-110,-1,
a1682ca5d9e0c4b14d19ed69d6299806,9/8/2024,FALSE,BetRivers,5/16/2024,Cleveland Browns,Dallas Cowboys,spreads,Cleveland Browns,-110,1,Dallas Cowboys,-110,-1,
a1682ca5d9e0c4b14d19ed69d6299806,9/8/2024,FALSE,BetUS,5/16/2024,Cleveland Browns,Dallas Cowboys,spreads,Cleveland Browns,-110,1,Dallas Cowboys,-110,-1,
a1682ca5d9e0c4b14d19ed69d6299806,9/8/2024,FALSE,MyBookie.ag,5/16/2024,Cleveland Browns,Dallas Cowboys,spreads,Cleveland Browns,-117,0.5,Dallas Cowboys,-118,-0.5,
a1682ca5d9e0c4b14d19ed69d6299806,9/8/2024,FALSE,BetMGM,5/16/2024,Cleveland Browns,Dallas Cowboys,spreads,Cleveland Browns,-110,1.5,Dallas Cowboys,-110,-1.5,
ba439e5505ce1ee745d2e48f2d2f31e6,9/8/2024,FALSE,BetRivers,5/16/2024,Tampa Bay Buccaneers,Washington Commanders,spreads,Tampa Bay Buccaneers,-110,-4,Washington Commanders,-110,4,
ba439e5505ce1ee745d2e48f2d2f31e6,9/8/2024,FALSE,Caesars,5/16/2024,Tampa Bay Buccaneers,Washington Commanders,spreads,Tampa Bay Buccaneers,-110,-4,Washington Commanders,-110,4,
ba439e5505ce1ee745d2e48f2d2f31e6,9/8/2024,FALSE,DraftKings,5/16/2024,Tampa Bay Buccaneers,Washington Commanders,spreads,Tampa Bay Buccaneers,-110,-3.5,Washington Commanders,-110,3.5,
ba439e5505ce1ee745d2e48f2d2f31e6,9/8/2024,FALSE,BetUS,5/16/2024,Tampa Bay Buccaneers,Washington Commanders,spreads,Tampa Bay Buccaneers,-110,-4,Washington Commanders,-110,4,
ba439e5505ce1ee745d2e48f2d2f31e6,9/8/2024,FALSE,SuperBook,5/16/2024,Tampa Bay Buccaneers,Washington Commanders,spreads,Tampa Bay Buccaneers,-110,-4,Washington Commanders,-110,4,
ba439e5505ce1ee745d2e48f2d2f31e6,9/8/2024,FALSE,MyBookie.ag,5/16/2024,Tampa Bay Buccaneers,Washington Commanders,spreads,Tampa Bay Buccaneers,-115,-3.5,Washington Commanders,-120,3.5,
ba439e5505ce1ee745d2e48f2d2f31e6,9/8/2024,FALSE,BetOnline.ag,5/16/2024,Tampa Bay Buccaneers,Washington Commanders,spreads,Tampa Bay Buccaneers,-110,-4,Washington Commanders,-110,4,
ba439e5505ce1ee745d2e48f2d2f31e6,9/8/2024,FALSE,LowVig.ag,5/16/2024,Tampa Bay Buccaneers,Washington Commanders,spreads,Tampa Bay Buccaneers,-105,-4,Washington Commanders,-105,4,
fa20351fa9ca26c47f93abc8a9b2c941,9/8/2024,FALSE,Caesars,5/16/2024,Detroit Lions,Los Angeles Rams,spreads,Detroit Lions,-120,-3,Los Angeles Rams,100,3,
fa20351fa9ca26c47f93abc8a9b2c941,9/8/2024,FALSE,DraftKings,5/16/2024,Detroit Lions,Los Angeles Rams,spreads,Detroit Lions,-115,-3,Los Angeles Rams,-105,3,
fa20351fa9ca26c47f93abc8a9b2c941,9/8/2024,FALSE,BetRivers,5/16/2024,Detroit Lions,Los Angeles Rams,spreads,Detroit Lions,-106,-3.5,Los Angeles Rams,-115,3.5,
fa20351fa9ca26c47f93abc8a9b2c941,9/8/2024,FALSE,BetUS,5/16/2024,Detroit Lions,Los Angeles Rams,spreads,Detroit Lions,-110,-3.5,Los Angeles Rams,-110,3.5,
fa20351fa9ca26c47f93abc8a9b2c941,9/8/2024,FALSE,SuperBook,5/16/2024,Detroit Lions,Los Angeles Rams,spreads,Detroit Lions,-110,-3.5,Los Angeles Rams,-110,3.5,
fa20351fa9ca26c47f93abc8a9b2c941,9/8/2024,FALSE,MyBookie.ag,5/16/2024,Detroit Lions,Los Angeles Rams,spreads,Detroit Lions,-110,-3.5,Los Angeles Rams,-126,3.5,
fa20351fa9ca26c47f93abc8a9b2c941,9/8/2024,FALSE,BetOnline.ag,5/16/2024,Detroit Lions,Los Angeles Rams,spreads,Detroit Lions,-120,-3,Los Angeles Rams,100,3,
fa20351fa9ca26c47f93abc8a9b2c941,9/8/2024,FALSE,LowVig.ag,5/16/2024,Detroit Lions,Los Angeles Rams,spreads,Detroit Lions,-116,-3,Los Angeles Rams,105,3,
d94f808523ced7460f7c88c758c481f5,9/9/2024,FALSE,DraftKings,5/16/2024,San Francisco 49ers,New York Jets,spreads,San Francisco 49ers,-115,-5.5,New York Jets,-105,5.5,
d94f808523ced7460f7c88c758c481f5,9/9/2024,FALSE,BetRivers,5/16/2024,San Francisco 49ers,New York Jets,spreads,San Francisco 49ers,-109,-6,New York Jets,-112,6,
d94f808523ced7460f7c88c758c481f5,9/9/2024,FALSE,BetOnline.ag,5/16/2024,San Francisco 49ers,New York Jets,spreads,San Francisco 49ers,-110,-6,New York Jets,-110,6,
d94f808523ced7460f7c88c758c481f5,9/9/2024,FALSE,LowVig.ag,5/16/2024,San Francisco 49ers,New York Jets,spreads,San Francisco 49ers,-105,-6,New York Jets,-105,6,
d94f808523ced7460f7c88c758c481f5,9/9/2024,FALSE,Caesars,5/16/2024,San Francisco 49ers,New York Jets,spreads,San Francisco 49ers,-110,-6,New York Jets,-110,6,
d94f808523ced7460f7c88c758c481f5,9/9/2024,FALSE,BetMGM,5/16/2024,San Francisco 49ers,New York Jets,spreads,San Francisco 49ers,-105,-6.5,New York Jets,-115,6.5,
d94f808523ced7460f7c88c758c481f5,9/9/2024,FALSE,MyBookie.ag,5/16/2024,San Francisco 49ers,New York Jets,spreads,San Francisco 49ers,-115,-6,New York Jets,-120,6,
d94f808523ced7460f7c88c758c481f5,9/9/2024,FALSE,BetUS,5/16/2024,San Francisco 49ers,New York Jets,spreads,San Francisco 49ers,-110,-6,New York Jets,-110,6,
d94f808523ced7460f7c88c758c481f5,9/9/2024,FALSE,SuperBook,5/16/2024,San Francisco 49ers,New York Jets,spreads,San Francisco 49ers,-110,-6,New York Jets,-110,6,
ddd9b67cf1d68282e1e8652000c0d015,9/12/2024,FALSE,DraftKings,5/16/2024,Miami Dolphins,Buffalo Bills,spreads,Miami Dolphins,-110,-1,Buffalo Bills,-110,1,
ddd9b67cf1d68282e1e8652000c0d015,9/12/2024,FALSE,BetRivers,5/16/2024,Miami Dolphins,Buffalo Bills,spreads,Miami Dolphins,-117,1,Buffalo Bills,-105,-1,
ddd9b67cf1d68282e1e8652000c0d015,9/12/2024,FALSE,Caesars,5/16/2024,Miami Dolphins,Buffalo Bills,spreads,Miami Dolphins,-110,-1,Buffalo Bills,-110,1,
ddd9b67cf1d68282e1e8652000c0d015,9/12/2024,FALSE,MyBookie.ag,5/16/2024,Miami Dolphins,Buffalo Bills,spreads,Miami Dolphins,-119,-0.5,Buffalo Bills,-116,0.5,
5a2bfc721fb2300d4578743aee7ad891,9/15/2024,FALSE,DraftKings,5/16/2024,Baltimore Ravens,Las Vegas Raiders,spreads,Baltimore Ravens,-110,-7,Las Vegas Raiders,-110,7,
5a2bfc721fb2300d4578743aee7ad891,9/15/2024,FALSE,Caesars,5/16/2024,Baltimore Ravens,Las Vegas Raiders,spreads,Baltimore Ravens,-110,-8.5,Las Vegas Raiders,-110,8.5,
5a2bfc721fb2300d4578743aee7ad891,9/15/2024,FALSE,BetRivers,5/16/2024,Baltimore Ravens,Las Vegas Raiders,spreads,Baltimore Ravens,-109,-8,Las Vegas Raiders,-112,8,
b4769cda12183128858f49f475aabfce,9/15/2024,FALSE,DraftKings,5/16/2024,Carolina Panthers,Los Angeles Chargers,spreads,Carolina Panthers,-110,5,Los Angeles Chargers,-110,-5,
b4769cda12183128858f49f475aabfce,9/15/2024,FALSE,Caesars,5/16/2024,Carolina Panthers,Los Angeles Chargers,spreads,Carolina Panthers,-110,4,Los Angeles Chargers,-110,-4,
b4769cda12183128858f49f475aabfce,9/15/2024,FALSE,BetRivers,5/16/2024,Carolina Panthers,Los Angeles Chargers,spreads,Carolina Panthers,-110,3.5,Los Angeles Chargers,-110,-3.5,
111ac41e21c6f16a2d3d1511f07e2004,9/15/2024,FALSE,DraftKings,5/16/2024,Jacksonville Jaguars,Cleveland Browns,spreads,Jacksonville Jaguars,-110,-1,Cleveland Browns,-110,1,
111ac41e21c6f16a2d3d1511f07e2004,9/15/2024,FALSE,Caesars,5/16/2024,Jacksonville Jaguars,Cleveland Browns,spreads,Jacksonville Jaguars,-110,0,Cleveland Browns,-110,0,
111ac41e21c6f16a2d3d1511f07e2004,9/15/2024,FALSE,BetRivers,5/16/2024,Jacksonville Jaguars,Cleveland Browns,spreads,Jacksonville Jaguars,-105,-1,Cleveland Browns,-117,1,
5b05775b536cda3f2efab93935af4f54,9/15/2024,FALSE,DraftKings,5/16/2024,Dallas Cowboys,New Orleans Saints,spreads,Dallas Cowboys,-110,-6,New Orleans Saints,-110,6,
5b05775b536cda3f2efab93935af4f54,9/15/2024,FALSE,Caesars,5/16/2024,Dallas Cowboys,New Orleans Saints,spreads,Dallas Cowboys,-110,-6.5,New Orleans Saints,-110,6.5,
5b05775b536cda3f2efab93935af4f54,9/15/2024,FALSE,BetRivers,5/16/2024,Dallas Cowboys,New Orleans Saints,spreads,Dallas Cowboys,-109,-6,New Orleans Saints,-112,6,
787ae4144b2b45d7ef8a9c7b1ab6abd8,9/15/2024,FALSE,DraftKings,5/16/2024,Detroit Lions,Tampa Bay Buccaneers,spreads,Detroit Lions,-110,-6,Tampa Bay Buccaneers,-110,6,
787ae4144b2b45d7ef8a9c7b1ab6abd8,9/15/2024,FALSE,Caesars,5/16/2024,Detroit Lions,Tampa Bay Buccaneers,spreads,Detroit Lions,-110,-5.5,Tampa Bay Buccaneers,-110,5.5,
787ae4144b2b45d7ef8a9c7b1ab6abd8,9/15/2024,FALSE,BetRivers,5/16/2024,Detroit Lions,Tampa Bay Buccaneers,spreads,Detroit Lions,-112,-5.5,Tampa Bay Buccaneers,-109,5.5,
c4e5642a8746f3e8fbb09d59a611ffe4,9/15/2024,FALSE,DraftKings,5/16/2024,Green Bay Packers,Indianapolis Colts,spreads,Green Bay Packers,-108,-4,Indianapolis Colts,-112,4,
c4e5642a8746f3e8fbb09d59a611ffe4,9/15/2024,FALSE,Caesars,5/16/2024,Green Bay Packers,Indianapolis Colts,spreads,Green Bay Packers,-110,-4,Indianapolis Colts,-110,4,
c4e5642a8746f3e8fbb09d59a611ffe4,9/15/2024,FALSE,BetRivers,5/16/2024,Green Bay Packers,Indianapolis Colts,spreads,Green Bay Packers,-110,-4,Indianapolis Colts,-110,4,
9d5dace601f10c135f5c03facf23fd22,9/15/2024,FALSE,DraftKings,5/16/2024,Minnesota Vikings,San Francisco 49ers,spreads,Minnesota Vikings,-110,6,San Francisco 49ers,-110,-6,
9d5dace601f10c135f5c03facf23fd22,9/15/2024,FALSE,Caesars,5/16/2024,Minnesota Vikings,San Francisco 49ers,spreads,Minnesota Vikings,-110,7,San Francisco 49ers,-110,-7,
9d5dace601f10c135f5c03facf23fd22,9/15/2024,FALSE,BetRivers,5/16/2024,Minnesota Vikings,San Francisco 49ers,spreads,Minnesota Vikings,-109,6.5,San Francisco 49ers,-112,-6.5,
42d27889b51ada96c20671b30129ce4e,9/15/2024,FALSE,DraftKings,5/16/2024,New England Patriots,Seattle Seahawks,spreads,New England Patriots,100,2.5,Seattle Seahawks,-120,-2.5,
42d27889b51ada96c20671b30129ce4e,9/15/2024,FALSE,Caesars,5/16/2024,New England Patriots,Seattle Seahawks,spreads,New England Patriots,-105,2.5,Seattle Seahawks,-115,-2.5,
42d27889b51ada96c20671b30129ce4e,9/15/2024,FALSE,BetRivers,5/16/2024,New England Patriots,Seattle Seahawks,spreads,New England Patriots,-112,2.5,Seattle Seahawks,-109,-2.5,
495d9f2c316b05ef092099ef9401a180,9/15/2024,FALSE,DraftKings,5/16/2024,Washington Commanders,New York Giants,spreads,Washington Commanders,100,-3,New York Giants,-120,3,
495d9f2c316b05ef092099ef9401a180,9/15/2024,FALSE,Caesars,5/16/2024,Washington Commanders,New York Giants,spreads,Washington Commanders,-110,-2.5,New York Giants,-110,2.5,
495d9f2c316b05ef092099ef9401a180,9/15/2024,FALSE,BetRivers,5/16/2024,Washington Commanders,New York Giants,spreads,Washington Commanders,-115,-2.5,New York Giants,-106,2.5,
17d4d840f9f4094d76c6e9b53b18ac05,9/15/2024,FALSE,DraftKings,5/16/2024,Tennessee Titans,New York Jets,spreads,Tennessee Titans,-110,4,New York Jets,-110,-4,
17d4d840f9f4094d76c6e9b53b18ac05,9/15/2024,FALSE,Caesars,5/16/2024,Tennessee Titans,New York Jets,spreads,Tennessee Titans,-110,3.5,New York Jets,-110,-3.5,
17d4d840f9f4094d76c6e9b53b18ac05,9/15/2024,FALSE,BetRivers,5/16/2024,Tennessee Titans,New York Jets,spreads,Tennessee Titans,-109,3.5,New York Jets,-112,-3.5,
db997fc1b5fe71f4960012f81c21a017,9/15/2024,FALSE,DraftKings,5/16/2024,Arizona Cardinals,Los Angeles Rams,spreads,Arizona Cardinals,-115,1,Los Angeles Rams,-105,-1,
db997fc1b5fe71f4960012f81c21a017,9/15/2024,FALSE,Caesars,5/16/2024,Arizona Cardinals,Los Angeles Rams,spreads,Arizona Cardinals,-110,3,Los Angeles Rams,-110,-3,
db997fc1b5fe71f4960012f81c21a017,9/15/2024,FALSE,BetRivers,5/16/2024,Arizona Cardinals,Los Angeles Rams,spreads,Arizona Cardinals,-107,2.5,Los Angeles Rams,-114,-2.5,
faaeaab20409da65e7314cc1857ccfba,9/15/2024,FALSE,DraftKings,5/16/2024,Kansas City Chiefs,Cincinnati Bengals,spreads,Kansas City Chiefs,-110,-4,Cincinnati Bengals,-110,4,
faaeaab20409da65e7314cc1857ccfba,9/15/2024,FALSE,BetRivers,5/16/2024,Kansas City Chiefs,Cincinnati Bengals,spreads,Kansas City Chiefs,-112,-4,Cincinnati Bengals,-109,4,
faaeaab20409da65e7314cc1857ccfba,9/15/2024,FALSE,BetOnline.ag,5/16/2024,Kansas City Chiefs,Cincinnati Bengals,spreads,Kansas City Chiefs,-110,-3.5,Cincinnati Bengals,-110,3.5,
faaeaab20409da65e7314cc1857ccfba,9/15/2024,FALSE,LowVig.ag,5/16/2024,Kansas City Chiefs,Cincinnati Bengals,spreads,Kansas City Chiefs,-105,-3.5,Cincinnati Bengals,-105,3.5,
faaeaab20409da65e7314cc1857ccfba,9/15/2024,FALSE,Caesars,5/16/2024,Kansas City Chiefs,Cincinnati Bengals,spreads,Kansas City Chiefs,-110,-4,Cincinnati Bengals,-110,4,
faaeaab20409da65e7314cc1857ccfba,9/15/2024,FALSE,MyBookie.ag,5/16/2024,Kansas City Chiefs,Cincinnati Bengals,spreads,Kansas City Chiefs,-117,-4,Cincinnati Bengals,-118,4,
3a300e2fb659ca896b5e60252f13150c,9/15/2024,FALSE,DraftKings,5/16/2024,Denver Broncos,Pittsburgh Steelers,spreads,Denver Broncos,-108,3,Pittsburgh Steelers,-112,-3,
3a300e2fb659ca896b5e60252f13150c,9/15/2024,FALSE,Caesars,5/16/2024,Denver Broncos,Pittsburgh Steelers,spreads,Denver Broncos,-110,2.5,Pittsburgh Steelers,-110,-2.5,
3a300e2fb659ca896b5e60252f13150c,9/15/2024,FALSE,BetRivers,5/16/2024,Denver Broncos,Pittsburgh Steelers,spreads,Denver Broncos,-112,3,Pittsburgh Steelers,-109,-3,
7533f0f2d5cfe270fa0ccdc32a98c7fd,9/15/2024,FALSE,DraftKings,5/16/2024,Houston Texans,Chicago Bears,spreads,Houston Texans,-115,-3,Chicago Bears,-105,3,
7533f0f2d5cfe270fa0ccdc32a98c7fd,9/15/2024,FALSE,Caesars,5/16/2024,Houston Texans,Chicago Bears,spreads,Houston Texans,-110,-4,Chicago Bears,-110,4,
7533f0f2d5cfe270fa0ccdc32a98c7fd,9/15/2024,FALSE,BetRivers,5/16/2024,Houston Texans,Chicago Bears,spreads,Houston Texans,-109,-4,Chicago Bears,-112,4,
2cefb0f9bcf18ed3f64396174ece14ad,9/16/2024,FALSE,BetRivers,5/16/2024,Philadelphia Eagles,Atlanta Falcons,spreads,Philadelphia Eagles,-112,-4,Atlanta Falcons,-109,4,
2cefb0f9bcf18ed3f64396174ece14ad,9/16/2024,FALSE,DraftKings,5/16/2024,Philadelphia Eagles,Atlanta Falcons,spreads,Philadelphia Eagles,-105,-3.5,Atlanta Falcons,-115,3.5,
2cefb0f9bcf18ed3f64396174ece14ad,9/16/2024,FALSE,Caesars,5/16/2024,Philadelphia Eagles,Atlanta Falcons,spreads,Philadelphia Eagles,-110,-4,Atlanta Falcons,-110,4,
ff0f310a02a527f105b5b37dbd61c502,9/19/2024,FALSE,DraftKings,5/16/2024,New York Jets,New England Patriots,spreads,New York Jets,-110,-7.5,New England Patriots,-110,7.5,
e46e4c9f5d6884910657cd6581da3978,9/22/2024,FALSE,DraftKings,5/16/2024,Indianapolis Colts,Chicago Bears,spreads,Indianapolis Colts,-110,-2,Chicago Bears,-110,2,
200c20527d1d6f44257155548cdac1e8,9/22/2024,FALSE,DraftKings,5/16/2024,Cleveland Browns,New York Giants,spreads,Cleveland Browns,-108,-6.5,New York Giants,-112,6.5,
8b6897f314b84276526a4ba371d67e20,9/22/2024,FALSE,DraftKings,5/16/2024,Tampa Bay Buccaneers,Denver Broncos,spreads,Tampa Bay Buccaneers,-110,-3.5,Denver Broncos,-110,3.5,
81cee90c26bf0ec45c3bc946b8143e19,9/22/2024,FALSE,DraftKings,5/16/2024,Tennessee Titans,Green Bay Packers,spreads,Tennessee Titans,-110,3.5,Green Bay Packers,-110,-3.5,
fc293a1ac914f24cb110ed2b8250292d,9/22/2024,FALSE,DraftKings,5/16/2024,Minnesota Vikings,Houston Texans,spreads,Minnesota Vikings,100,3.5,Houston Texans,-120,-3.5,
2ee776f967540a404694111f27822004,9/22/2024,FALSE,DraftKings,5/16/2024,Pittsburgh Steelers,Los Angeles Chargers,spreads,Pittsburgh Steelers,-110,-2,Los Angeles Chargers,-110,2,
326301fd41fe90d64929b44a2e227b23,9/22/2024,FALSE,DraftKings,5/16/2024,New Orleans Saints,Philadelphia Eagles,spreads,New Orleans Saints,-110,3,Philadelphia Eagles,-110,-3,
49397bc00cf6d5e50f0a943538f1b00d,9/22/2024,FALSE,DraftKings,5/16/2024,Las Vegas Raiders,Carolina Panthers,spreads,Las Vegas Raiders,-110,-4,Carolina Panthers,-110,4,
acc41dc7aeae8f8db0604c743213916c,9/22/2024,FALSE,DraftKings,5/16/2024,Seattle Seahawks,Miami Dolphins,spreads,Seattle Seahawks,-110,2,Miami Dolphins,-110,-2,
e61fbdc294fce579705fa0ed6de85ce2,9/22/2024,FALSE,DraftKings,5/16/2024,Arizona Cardinals,Detroit Lions,spreads,Arizona Cardinals,-110,4,Detroit Lions,-110,-4,
cd904fbb09c5130b857595217364bb07,9/22/2024,FALSE,DraftKings,5/16/2024,Dallas Cowboys,Baltimore Ravens,spreads,Dallas Cowboys,-105,-1,Baltimore Ravens,-115,1,
f89d2da2d1b692de14ddf77e186cc5c7,9/22/2024,FALSE,DraftKings,5/16/2024,Los Angeles Rams,San Francisco 49ers,spreads,Los Angeles Rams,100,2.5,San Francisco 49ers,-120,-2.5,
bd907bcbaaefa56a30c4fa2c57281a51,9/22/2024,FALSE,DraftKings,5/16/2024,Atlanta Falcons,Kansas City Chiefs,spreads,Atlanta Falcons,-110,3,Kansas City Chiefs,-110,-3,
96be3ba73fc562e49a0120b5923c3213,9/23/2024,FALSE,DraftKings,5/16/2024,Buffalo Bills,Jacksonville Jaguars,spreads,Buffalo Bills,-110,-4.5,Jacksonville Jaguars,-110,4.5,
8e047915fdc9b7dc77d2276e740f55d2,9/23/2024,FALSE,DraftKings,5/16/2024,Cincinnati Bengals,Washington Commanders,spreads,Cincinnati Bengals,-115,-7,Washington Commanders,-105,7,
b08196b0745d9e2e0bebfe8627fc5a1f,9/26/2024,FALSE,DraftKings,5/16/2024,New York Giants,Dallas Cowboys,spreads,New York Giants,-110,4.5,Dallas Cowboys,-110,-4.5,
3858ab1dfdb4db4987218c709a51d1bf,9/29/2024,FALSE,DraftKings,5/16/2024,Atlanta Falcons,New Orleans Saints,spreads,Atlanta Falcons,-110,-4.5,New Orleans Saints,-110,4.5,
82483a4f1a2ae000d00778810d85d13c,9/29/2024,FALSE,DraftKings,5/16/2024,Carolina Panthers,Cincinnati Bengals,spreads,Carolina Panthers,-110,5,Cincinnati Bengals,-110,-5,
e603ee3c4035a8558b9bcb6aded87ff4,9/29/2024,FALSE,DraftKings,5/16/2024,Chicago Bears,Los Angeles Rams,spreads,Chicago Bears,-110,-1.5,Los Angeles Rams,-110,1.5,
701d98795b391636de6d0860c6782f2d,9/29/2024,FALSE,DraftKings,5/16/2024,New York Jets,Denver Broncos,spreads,New York Jets,-110,-6,Denver Broncos,-110,6,
1f9f768db4ab5e36fad5080f8a338725,9/29/2024,FALSE,DraftKings,5/16/2024,Green Bay Packers,Minnesota Vikings,spreads,Green Bay Packers,-110,-4.5,Minnesota Vikings,-110,4.5,
3855431777952837560f29bff9d6b4e3,9/29/2024,FALSE,DraftKings,5/16/2024,Houston Texans,Jacksonville Jaguars,spreads,Houston Texans,-108,-3.5,Jacksonville Jaguars,-112,3.5,
a0a3ae18f5a26bdaa0e2f32aa8af7ce0,9/29/2024,FALSE,DraftKings,5/16/2024,Indianapolis Colts,Pittsburgh Steelers,spreads,Indianapolis Colts,-110,-0.5,Pittsburgh Steelers,-110,0.5,
6b08b0416089dbb0459c208f5c0c6d41,9/29/2024,FALSE,DraftKings,5/16/2024,Tampa Bay Buccaneers,Philadelphia Eagles,spreads,Tampa Bay Buccaneers,-110,1.5,Philadelphia Eagles,-110,-1.5,
b0461ea737b89685d0aee3050bca0cc5,9/29/2024,FALSE,DraftKings,5/16/2024,Arizona Cardinals,Washington Commanders,spreads,Arizona Cardinals,-110,-2,Washington Commanders,-110,2,
2536f23add2224ed79c070c55af28bbf,9/29/2024,FALSE,DraftKings,5/16/2024,San Francisco 49ers,New England Patriots,spreads,San Francisco 49ers,-110,-11.5,New England Patriots,-110,11.5,
3f180e883b429700dd32ff2133ac37ef,9/29/2024,FALSE,DraftKings,5/16/2024,Las Vegas Raiders,Cleveland Browns,spreads,Las Vegas Raiders,-110,1.5,Cleveland Browns,-110,-1.5,
b839e959b4e28cdd96341dbcf99d4a42,9/29/2024,FALSE,DraftKings,5/16/2024,Los Angeles Chargers,Kansas City Chiefs,spreads,Los Angeles Chargers,-110,3,Kansas City Chiefs,-110,-3,
ce925c8cb892e1806399345e7885828d,9/29/2024,FALSE,DraftKings,5/16/2024,Baltimore Ravens,Buffalo Bills,spreads,Baltimore Ravens,-110,-3,Buffalo Bills,-110,3,
a207d1faa78a276de49cdebb7ef4fc0e,9/30/2024,FALSE,DraftKings,5/16/2024,Miami Dolphins,Tennessee Titans,spreads,Miami Dolphins,-110,-6.5,Tennessee Titans,-110,6.5,
2b7f812133cedc184625d7bc8362564a,9/30/2024,FALSE,DraftKings,5/16/2024,Detroit Lions,Seattle Seahawks,spreads,Detroit Lions,-110,-6,Seattle Seahawks,-110,6,
b516611a4ade7c4d55fcde561ed71328,10/3/2024,FALSE,DraftKings,5/16/2024,Atlanta Falcons,Tampa Bay Buccaneers,spreads,Atlanta Falcons,-115,-3,Tampa Bay Buccaneers,-105,3,
b782886bcc4874123d3bb50e5d1e88c3,10/6/2024,FALSE,DraftKings,5/16/2024,Minnesota Vikings,New York Jets,spreads,Minnesota Vikings,-112,4,New York Jets,-108,-4,
b782886bcc4874123d3bb50e5d1e88c3,10/6/2024,FALSE,Caesars,5/16/2024,Minnesota Vikings,New York Jets,spreads,Minnesota Vikings,-110,4,New York Jets,-110,-4,
b782886bcc4874123d3bb50e5d1e88c3,10/6/2024,FALSE,MyBookie.ag,5/16/2024,Minnesota Vikings,New York Jets,spreads,Minnesota Vikings,-120,3.5,New York Jets,-115,-3.5,
73da5785865b6ab0852df1aa0c47994e,10/6/2024,FALSE,DraftKings,5/16/2024,Cincinnati Bengals,Baltimore Ravens,spreads,Cincinnati Bengals,-110,-1.5,Baltimore Ravens,-110,1.5,
2eb8e0798cb1b1f9d0f0d414253b4e37,10/6/2024,FALSE,DraftKings,5/16/2024,Houston Texans,Buffalo Bills,spreads,Houston Texans,-110,-1.5,Buffalo Bills,-110,1.5,
b727380f1b93218185ba53da28e0f6a7,10/6/2024,FALSE,DraftKings,5/16/2024,Chicago Bears,Carolina Panthers,spreads,Chicago Bears,-108,-5.5,Carolina Panthers,-112,5.5,
43f21c8e455914cc71d00ca0001ae85b,10/6/2024,FALSE,DraftKings,5/16/2024,Washington Commanders,Cleveland Browns,spreads,Washington Commanders,100,2.5,Cleveland Browns,-120,-2.5,
dba45197b1cd2dbafe7f83ebffd2be90,10/6/2024,FALSE,DraftKings,5/16/2024,Jacksonville Jaguars,Indianapolis Colts,spreads,Jacksonville Jaguars,-110,-2.5,Indianapolis Colts,-110,2.5,
5cb3b58ed90ecfac2acac9115e08c017,10/6/2024,FALSE,DraftKings,5/16/2024,New England Patriots,Miami Dolphins,spreads,New England Patriots,-110,3.5,Miami Dolphins,-110,-3.5,
a0877d6a0f0a97e5790884008b9974c9,10/6/2024,FALSE,DraftKings,5/16/2024,San Francisco 49ers,Arizona Cardinals,spreads,San Francisco 49ers,-110,-9.5,Arizona Cardinals,-110,9.5,
9a9219cd7180fe6481e6bd9e460a7622,10/6/2024,FALSE,DraftKings,5/16/2024,Denver Broncos,Las Vegas Raiders,spreads,Denver Broncos,-105,-1,Las Vegas Raiders,-115,1,
f555a965152f8896b1cf418205724508,10/6/2024,FALSE,DraftKings,5/16/2024,Los Angeles Rams,Green Bay Packers,spreads,Los Angeles Rams,-112,-1.5,Green Bay Packers,-108,1.5,
777e65cf50b4517465cea9ac9d686227,10/6/2024,FALSE,DraftKings,5/16/2024,Seattle Seahawks,New York Giants,spreads,Seattle Seahawks,-110,-3.5,New York Giants,-110,3.5,
504a7b09264059083346ab086141da30,10/6/2024,FALSE,DraftKings,5/16/2024,Pittsburgh Steelers,Dallas Cowboys,spreads,Pittsburgh Steelers,-108,1.5,Dallas Cowboys,-112,-1.5,
5e0d59f75b7f9056461e2970aca2a6cb,10/7/2024,FALSE,DraftKings,5/16/2024,Kansas City Chiefs,New Orleans Saints,spreads,Kansas City Chiefs,-110,-8,New Orleans Saints,-110,8,
0dac14546d6008893a8b3b6c417472a6,10/10/2024,FALSE,DraftKings,5/16/2024,Seattle Seahawks,San Francisco 49ers,spreads,Seattle Seahawks,-110,4,San Francisco 49ers,-110,-4,
c1bcc8bbec33008ae587584b1b3de2d0,10/13/2024,FALSE,DraftKings,5/16/2024,Chicago Bears,Jacksonville Jaguars,spreads,Chicago Bears,-115,1,Jacksonville Jaguars,-105,-1,
c1bcc8bbec33008ae587584b1b3de2d0,10/13/2024,FALSE,Caesars,5/16/2024,Chicago Bears,Jacksonville Jaguars,spreads,Chicago Bears,-110,0,Jacksonville Jaguars,-110,0,
c1bcc8bbec33008ae587584b1b3de2d0,10/13/2024,FALSE,MyBookie.ag,5/16/2024,Chicago Bears,Jacksonville Jaguars,spreads,Chicago Bears,-116,0.5,Jacksonville Jaguars,-119,-0.5,
fb08594af963cff8fae2f93b2e0f4269,10/13/2024,FALSE,DraftKings,5/16/2024,Green Bay Packers,Arizona Cardinals,spreads,Green Bay Packers,-110,-5,Arizona Cardinals,-110,5,
c3b700ee54cf3cb44de965e6cfcb19f9,10/13/2024,FALSE,DraftKings,5/16/2024,Baltimore Ravens,Washington Commanders,spreads,Baltimore Ravens,-110,-8,Washington Commanders,-110,8,
8bd202ca7bacf3396a1b774f12de0fab,10/13/2024,FALSE,DraftKings,5/16/2024,Philadelphia Eagles,Cleveland Browns,spreads,Philadelphia Eagles,-108,-3,Cleveland Browns,-112,3,
febb2d674e85a32c8636ff900fffb5d2,10/13/2024,FALSE,DraftKings,5/16/2024,New England Patriots,Houston Texans,spreads,New England Patriots,-110,4,Houston Texans,-110,-4,
bdc58f80a5a9b4515ee631fddc63a2c8,10/13/2024,FALSE,DraftKings,5/16/2024,Tennessee Titans,Indianapolis Colts,spreads,Tennessee Titans,-108,1.5,Indianapolis Colts,-112,-1.5,
ba1097486d1edb57bfe2bc22f5c4573e,10/13/2024,FALSE,DraftKings,5/16/2024,New Orleans Saints,Tampa Bay Buccaneers,spreads,New Orleans Saints,-110,-1.5,Tampa Bay Buccaneers,-110,1.5,
76fbc0191f917329bad82f76a9a22a2e,10/13/2024,FALSE,DraftKings,5/16/2024,Denver Broncos,Los Angeles Chargers,spreads,Denver Broncos,-110,1.5,Los Angeles Chargers,-110,-1.5,
81df9672b5e68bc84e98641d5de2505b,10/13/2024,FALSE,DraftKings,5/16/2024,Las Vegas Raiders,Pittsburgh Steelers,spreads,Las Vegas Raiders,-112,1,Pittsburgh Steelers,-108,-1,
67c389265b00a40407a23054e45d8e45,10/13/2024,FALSE,DraftKings,5/16/2024,Carolina Panthers,Atlanta Falcons,spreads,Carolina Panthers,-108,3.5,Atlanta Falcons,-112,-3.5,
d4d2902446e120ea6f1afafdc0b3d55d,10/13/2024,FALSE,DraftKings,5/16/2024,Dallas Cowboys,Detroit Lions,spreads,Dallas Cowboys,-110,-0.5,Detroit Lions,-110,0.5,
245c50e05349966d749c7e3f05699647,10/13/2024,FALSE,DraftKings,5/16/2024,New York Giants,Cincinnati Bengals,spreads,New York Giants,-110,4.5,Cincinnati Bengals,-110,-4.5,
79b5655b7342104f50bc735a5d838b71,10/14/2024,FALSE,DraftKings,5/16/2024,New York Jets,Buffalo Bills,spreads,New York Jets,-110,-1,Buffalo Bills,-110,1,
cc1d6e0125f5444f70609ce9e0829fa9,10/17/2024,FALSE,DraftKings,5/16/2024,New Orleans Saints,Denver Broncos,spreads,New Orleans Saints,-110,-3.5,Denver Broncos,-110,3.5,
964d089b9bbbf792a705da3b3f355312,10/20/2024,FALSE,DraftKings,5/16/2024,Jacksonville Jaguars,New England Patriots,spreads,Jacksonville Jaguars,-115,-6,New England Patriots,-105,6,
964d089b9bbbf792a705da3b3f355312,10/20/2024,FALSE,Caesars,5/16/2024,Jacksonville Jaguars,New England Patriots,spreads,Jacksonville Jaguars,-110,-6,New England Patriots,-110,6,
964d089b9bbbf792a705da3b3f355312,10/20/2024,FALSE,MyBookie.ag,5/16/2024,Jacksonville Jaguars,New England Patriots,spreads,Jacksonville Jaguars,-115,-6.5,New England Patriots,-120,6.5,
514ad4e46861e2aa51571079d75856b5,10/20/2024,FALSE,DraftKings,5/16/2024,Atlanta Falcons,Seattle Seahawks,spreads,Atlanta Falcons,-108,-3.5,Seattle Seahawks,-112,3.5,
4084732a953c2a15d46aca93da86fe87,10/20/2024,FALSE,DraftKings,5/16/2024,Buffalo Bills,Tennessee Titans,spreads,Buffalo Bills,-120,-7,Tennessee Titans,100,7,
63e9b5302666e36b47431100bcb22973,10/20/2024,FALSE,DraftKings,5/16/2024,Cleveland Browns,Cincinnati Bengals,spreads,Cleveland Browns,-108,1,Cincinnati Bengals,-112,-1,
497242e77fc7f2e1fa4cc70a2bd37b20,10/20/2024,FALSE,DraftKings,5/16/2024,Minnesota Vikings,Detroit Lions,spreads,Minnesota Vikings,100,3,Detroit Lions,-120,-3,
15077c31238fbc767b91e73f8068f2a2,10/20/2024,FALSE,DraftKings,5/16/2024,Green Bay Packers,Houston Texans,spreads,Green Bay Packers,-108,-2.5,Houston Texans,-112,2.5,
3d634649562df7c3b2b22d626162a9c9,10/20/2024,FALSE,DraftKings,5/16/2024,Indianapolis Colts,Miami Dolphins,spreads,Indianapolis Colts,-110,1,Miami Dolphins,-110,-1,
a60ecb3c882d09f08b6e194e858aec42,10/20/2024,FALSE,DraftKings,5/16/2024,New York Giants,Philadelphia Eagles,spreads,New York Giants,-110,3.5,Philadelphia Eagles,-110,-3.5,
a0b429ad5863438f4550ced4f368d2e2,10/20/2024,FALSE,Caesars,5/16/2024,San Francisco 49ers,Kansas City Chiefs,spreads,San Francisco 49ers,-110,-2.5,Kansas City Chiefs,-110,2.5,
a0b429ad5863438f4550ced4f368d2e2,10/20/2024,FALSE,DraftKings,5/16/2024,San Francisco 49ers,Kansas City Chiefs,spreads,San Francisco 49ers,-110,-2,Kansas City Chiefs,-110,2,
205e5260b14ecb55558ddb85f419edaf,10/20/2024,FALSE,DraftKings,5/16/2024,Washington Commanders,Carolina Panthers,spreads,Washington Commanders,-110,-3,Carolina Panthers,-110,3,
2bc06cb4fb03e96b39448675c1943487,10/20/2024,FALSE,DraftKings,5/16/2024,Los Angeles Rams,Las Vegas Raiders,spreads,Los Angeles Rams,-110,-4,Las Vegas Raiders,-110,4,
6103604599da91e8a44ce683292242ec,10/20/2024,FALSE,DraftKings,5/16/2024,Pittsburgh Steelers,New York Jets,spreads,Pittsburgh Steelers,-110,1,New York Jets,-110,-1,
269f082de1c875831ceb05c8e0fa6e9e,10/21/2024,FALSE,DraftKings,5/16/2024,Tampa Bay Buccaneers,Baltimore Ravens,spreads,Tampa Bay Buccaneers,-108,5,Baltimore Ravens,-112,-5,
c38d6ebf21ca6194da4757c090eac3a2,10/21/2024,FALSE,DraftKings,5/16/2024,Arizona Cardinals,Los Angeles Chargers,spreads,Arizona Cardinals,-110,-1,Los Angeles Chargers,-110,1,
1f22f5d9de70779ac521b9c1de59162f,10/24/2024,FALSE,DraftKings,5/16/2024,Los Angeles Rams,Minnesota Vikings,spreads,Los Angeles Rams,-108,-3.5,Minnesota Vikings,-112,3.5,
2883af924ad72a75da65e3257b9284e7,10/27/2024,FALSE,DraftKings,5/16/2024,Miami Dolphins,Arizona Cardinals,spreads,Miami Dolphins,-110,-6,Arizona Cardinals,-110,6,
9693ad2122e496b05f7efd56f0ef03d0,10/27/2024,FALSE,DraftKings,5/16/2024,Tampa Bay Buccaneers,Atlanta Falcons,spreads,Tampa Bay Buccaneers,-110,1.5,Atlanta Falcons,-110,-1.5,
4a54b04a572fde8db5f1e1478c1ef673,10/27/2024,FALSE,DraftKings,5/16/2024,Cleveland Browns,Baltimore Ravens,spreads,Cleveland Browns,-110,1.5,Baltimore Ravens,-110,-1.5,
fb5217800ed73d9cae485efbba37ba96,10/27/2024,FALSE,DraftKings,5/16/2024,Washington Commanders,Chicago Bears,spreads,Washington Commanders,-108,2,Chicago Bears,-112,-2,
5fd9657af1356ec2a567b07d75a8e6a3,10/27/2024,FALSE,DraftKings,5/16/2024,Detroit Lions,Tennessee Titans,spreads,Detroit Lions,-110,-7,Tennessee Titans,-110,7,
4708973e15052d8b7c29a53f0c4561dc,10/27/2024,FALSE,DraftKings,5/16/2024,Jacksonville Jaguars,Green Bay Packers,spreads,Jacksonville Jaguars,-110,1,Green Bay Packers,-110,-1,
e07e64de78a6095754d2a048255dadac,10/27/2024,FALSE,DraftKings,5/16/2024,Houston Texans,Indianapolis Colts,spreads,Houston Texans,-110,-4,Indianapolis Colts,-110,4,
7679451910267ad5cd8620cf63870aaa,10/27/2024,FALSE,DraftKings,5/16/2024,New England Patriots,New York Jets,spreads,New England Patriots,-110,3.5,New York Jets,-110,-3.5,
9a263061dd1c784a20f393971744d176,10/27/2024,FALSE,DraftKings,5/16/2024,Seattle Seahawks,Buffalo Bills,spreads,Seattle Seahawks,-110,2,Buffalo Bills,-110,-2,
70c540bd6e70676319e44a7dd02cbd38,10/27/2024,FALSE,DraftKings,5/16/2024,Los Angeles Chargers,New Orleans Saints,spreads,Los Angeles Chargers,-110,-3,New Orleans Saints,-110,3,
bba53e1026b6121c0255771479517a2f,10/27/2024,FALSE,DraftKings,5/16/2024,Denver Broncos,Carolina Panthers,spreads,Denver Broncos,-110,-2.5,Carolina Panthers,-110,2.5,
9b5367d7e95dd05cb7517d99484bf95b,10/27/2024,FALSE,DraftKings,5/16/2024,Cincinnati Bengals,Philadelphia Eagles,spreads,Cincinnati Bengals,-108,-3,Philadelphia Eagles,-112,3,
ccc621108fb48382b825128007dc8120,10/27/2024,FALSE,DraftKings,5/16/2024,Las Vegas Raiders,Kansas City Chiefs,spreads,Las Vegas Raiders,-110,4.5,Kansas City Chiefs,-110,-4.5,
86278ec4bbdcadd945d79df6c695c2ec,10/28/2024,FALSE,DraftKings,5/16/2024,Pittsburgh Steelers,New York Giants,spreads,Pittsburgh Steelers,-110,-4,New York Giants,-110,4,
edde9aeb8a9114f38b30b45c7cffbfa8,10/31/2024,FALSE,DraftKings,5/16/2024,New York Jets,Houston Texans,spreads,New York Jets,100,-3,Houston Texans,-120,3,
db18946165af62532b19d4c509d7ba56,11/3/2024,FALSE,DraftKings,5/16/2024,Atlanta Falcons,Dallas Cowboys,spreads,Atlanta Falcons,-110,1,Dallas Cowboys,-110,-1,
11154d508a0b557087b0fa84cccf8a66,11/3/2024,FALSE,DraftKings,5/16/2024,Baltimore Ravens,Denver Broncos,spreads,Baltimore Ravens,-110,-10.5,Denver Broncos,-110,10.5,
7c2d09c53f3c271b20f53db0b21f1498,11/3/2024,FALSE,DraftKings,5/16/2024,Buffalo Bills,Miami Dolphins,spreads,Buffalo Bills,-110,-3,Miami Dolphins,-110,3,
3de2d54334c462aa393418b75994fee1,11/3/2024,FALSE,DraftKings,5/16/2024,Carolina Panthers,New Orleans Saints,spreads,Carolina Panthers,-110,1,New Orleans Saints,-110,-1,
3d24ae93125568c136d57ff911a4d2e4,11/3/2024,FALSE,DraftKings,5/16/2024,Cincinnati Bengals,Las Vegas Raiders,spreads,Cincinnati Bengals,-108,-6.5,Las Vegas Raiders,-112,6.5,
fc022a0b74f3182e2da491dfe4276301,11/3/2024,FALSE,DraftKings,5/16/2024,Cleveland Browns,Los Angeles Chargers,spreads,Cleveland Browns,-120,-3,Los Angeles Chargers,100,3,
d555bf749139691c613e4aec350592c1,11/3/2024,FALSE,DraftKings,5/16/2024,Minnesota Vikings,Indianapolis Colts,spreads,Minnesota Vikings,-105,-1,Indianapolis Colts,-115,1,
31f1bb5fbbc8c3d9b8719357fa40941e,11/3/2024,FALSE,DraftKings,5/16/2024,Tennessee Titans,New England Patriots,spreads,Tennessee Titans,-120,-2.5,New England Patriots,100,2.5,
5791e31f6f4b95476889c4854b508faf,11/3/2024,FALSE,DraftKings,5/16/2024,New York Giants,Washington Commanders,spreads,New York Giants,-110,-1.5,Washington Commanders,-110,1.5,
597e7fb5542c56bda7f1a73402cd47e0,11/3/2024,FALSE,DraftKings,5/16/2024,Arizona Cardinals,Chicago Bears,spreads,Arizona Cardinals,-115,1,Chicago Bears,-105,-1,
84d2187ad0c2a42b32879d3bcbaee8dd,11/3/2024,FALSE,DraftKings,5/16/2024,Green Bay Packers,Detroit Lions,spreads,Green Bay Packers,-110,-1.5,Detroit Lions,-110,1.5,
8baadfa082af81fe72b1cfd941d96edf,11/3/2024,FALSE,DraftKings,5/16/2024,Seattle Seahawks,Los Angeles Rams,spreads,Seattle Seahawks,-110,1.5,Los Angeles Rams,-110,-1.5,
ef026bf62bfb6cda42ee983680eda2d4,11/3/2024,FALSE,DraftKings,5/16/2024,Philadelphia Eagles,Jacksonville Jaguars,spreads,Philadelphia Eagles,-105,-3.5,Jacksonville Jaguars,-115,3.5,
8f751d18969af50ec341e0b282e5b4d6,11/4/2024,FALSE,DraftKings,5/16/2024,Kansas City Chiefs,Tampa Bay Buccaneers,spreads,Kansas City Chiefs,-120,-7,Tampa Bay Buccaneers,100,7,
89f860b80a0c5b61375d4aa49d9ec853,11/7/2024,FALSE,DraftKings,5/16/2024,Baltimore Ravens,Cincinnati Bengals,spreads,Baltimore Ravens,-110,-3,Cincinnati Bengals,-110,3,
9016850451d9e4190ec1bd178dac4849,11/10/2024,FALSE,DraftKings,5/16/2024,Carolina Panthers,New York Giants,spreads,Carolina Panthers,-110,1,New York Giants,-110,-1,
9016850451d9e4190ec1bd178dac4849,11/10/2024,FALSE,Caesars,5/16/2024,Carolina Panthers,New York Giants,spreads,Carolina Panthers,-110,1.5,New York Giants,-110,-1.5,
a6383a73f7e6937fcdc376b50d4dc510,11/10/2024,FALSE,DraftKings,5/16/2024,New Orleans Saints,Atlanta Falcons,spreads,New Orleans Saints,-108,1.5,Atlanta Falcons,-112,-1.5,
80899c1a82df27832eff9206d9c2ab1b,11/10/2024,FALSE,DraftKings,5/16/2024,Indianapolis Colts,Buffalo Bills,spreads,Indianapolis Colts,-110,2,Buffalo Bills,-110,-2,
c885c70be6b073f94096eb0db2a27c3c,11/10/2024,FALSE,DraftKings,5/16/2024,Chicago Bears,New England Patriots,spreads,Chicago Bears,-110,-4.5,New England Patriots,-110,4.5,
d4901034c9f4ee931bc6971a4b089209,11/10/2024,FALSE,DraftKings,5/16/2024,Kansas City Chiefs,Denver Broncos,spreads,Kansas City Chiefs,-110,-9,Denver Broncos,-110,9,
a59741270a5f21dfb288838acf98537b,11/10/2024,FALSE,DraftKings,5/16/2024,Jacksonville Jaguars,Minnesota Vikings,spreads,Jacksonville Jaguars,-115,-3,Minnesota Vikings,-105,3,
928f8f873c2bf276d0b2a63a8f8941b4,11/10/2024,FALSE,DraftKings,5/16/2024,Washington Commanders,Pittsburgh Steelers,spreads,Washington Commanders,-110,1.5,Pittsburgh Steelers,-110,-1.5,
853cc3b59ffe65a55a55d799789bc726,11/10/2024,FALSE,DraftKings,5/16/2024,Tampa Bay Buccaneers,San Francisco 49ers,spreads,Tampa Bay Buccaneers,-108,4,San Francisco 49ers,-112,-4,
6214d50d3a5b442078f670ff8e08945e,11/10/2024,FALSE,DraftKings,5/16/2024,Los Angeles Chargers,Tennessee Titans,spreads,Los Angeles Chargers,-110,-4,Tennessee Titans,-110,4,
1c2195dfc898e85136f4d40b4ac512fb,11/10/2024,FALSE,DraftKings,5/16/2024,Arizona Cardinals,New York Jets,spreads,Arizona Cardinals,-110,3,New York Jets,-110,-3,
776c336fae7523f356cb0cd4a32ba356,11/10/2024,FALSE,DraftKings,5/16/2024,Dallas Cowboys,Philadelphia Eagles,spreads,Dallas Cowboys,-110,-1.5,Philadelphia Eagles,-110,1.5,
e27b5c11ba461a77a8e7773b2ea30238,11/10/2024,FALSE,DraftKings,5/16/2024,Houston Texans,Detroit Lions,spreads,Houston Texans,-108,-1,Detroit Lions,-112,1,
d6eab9011bd146fdbb2639f6e8c07056,11/11/2024,FALSE,DraftKings,5/16/2024,Los Angeles Rams,Miami Dolphins,spreads,Los Angeles Rams,-110,-1,Miami Dolphins,-110,1,
ac99fa94b66a64304ae19873d0a7907a,11/14/2024,FALSE,DraftKings,5/16/2024,Philadelphia Eagles,Washington Commanders,spreads,Philadelphia Eagles,-110,-6,Washington Commanders,-110,6,
1e5feffbcc2b9c122727b45963203298,11/17/2024,FALSE,DraftKings,5/16/2024,Pittsburgh Steelers,Baltimore Ravens,spreads,Pittsburgh Steelers,-110,3,Baltimore Ravens,-110,-3,
7c742858a76089990395c3179731744b,11/17/2024,FALSE,DraftKings,5/16/2024,Chicago Bears,Green Bay Packers,spreads,Chicago Bears,-102,-1,Green Bay Packers,-118,1,
ca63340028583e516e8053ee36318425,11/17/2024,FALSE,DraftKings,5/16/2024,New Orleans Saints,Cleveland Browns,spreads,New Orleans Saints,-110,2,Cleveland Browns,-110,-2,
d0f73537e153be7455c87ae97864ef7d,11/17/2024,FALSE,DraftKings,5/16/2024,Detroit Lions,Jacksonville Jaguars,spreads,Detroit Lions,-110,-4,Jacksonville Jaguars,-110,4,
7614724acc0987e643d0a60e73167b2e,11/17/2024,FALSE,DraftKings,5/16/2024,Miami Dolphins,Las Vegas Raiders,spreads,Miami Dolphins,-110,-6,Las Vegas Raiders,-110,6,
73f1d28c0bfe32a1ff292b688bb85df3,11/17/2024,FALSE,DraftKings,5/16/2024,New England Patriots,Los Angeles Rams,spreads,New England Patriots,-110,4,Los Angeles Rams,-110,-4,
6aa05bdde84274ea82472f0bc79baaad,11/17/2024,FALSE,DraftKings,5/16/2024,Tennessee Titans,Minnesota Vikings,spreads,Tennessee Titans,-112,1,Minnesota Vikings,-108,-1,
4baedb2bf9b85f9b9ec40e88bacc1792,11/17/2024,FALSE,DraftKings,5/16/2024,Denver Broncos,Atlanta Falcons,spreads,Denver Broncos,100,3,Atlanta Falcons,-120,-3,
cc4a0f06f87d64f4a02816ca7da514fa,11/17/2024,FALSE,DraftKings,5/16/2024,San Francisco 49ers,Seattle Seahawks,spreads,San Francisco 49ers,-110,-9,Seattle Seahawks,-110,9,
2ac4732d168fd3fd0958719e2b11aad1,11/17/2024,FALSE,Caesars,5/16/2024,Buffalo Bills,Kansas City Chiefs,spreads,Buffalo Bills,-110,1,Kansas City Chiefs,-110,-1,
2ac4732d168fd3fd0958719e2b11aad1,11/17/2024,FALSE,DraftKings,5/16/2024,Buffalo Bills,Kansas City Chiefs,spreads,Buffalo Bills,-102,-1,Kansas City Chiefs,-118,1,
a2b3fd60eede2230285512b8c3b4eed3,11/17/2024,FALSE,DraftKings,5/16/2024,Los Angeles Chargers,Cincinnati Bengals,spreads,Los Angeles Chargers,-108,2,Cincinnati Bengals,-112,-2,
e552bfd99b12a0acd319b922f7a9fa7c,11/17/2024,FALSE,DraftKings,5/16/2024,New York Jets,Indianapolis Colts,spreads,New York Jets,-110,-4,Indianapolis Colts,-110,4,
81c2170ca58c6a837e5c0f1528e8513c,11/18/2024,FALSE,DraftKings,5/16/2024,Dallas Cowboys,Houston Texans,spreads,Dallas Cowboys,-110,-3,Houston Texans,-110,3,
3544bdfabe61cc6d4389984a5ca83955,11/21/2024,FALSE,DraftKings,5/16/2024,Cleveland Browns,Pittsburgh Steelers,spreads,Cleveland Browns,100,-3,Pittsburgh Steelers,-120,3,
2c895731f7e3bd3effe4e87779fbdcc2,11/24/2024,FALSE,DraftKings,5/16/2024,Carolina Panthers,Kansas City Chiefs,spreads,Carolina Panthers,-110,7,Kansas City Chiefs,-110,-7,
bc6d508d57f822879df4dbc3c4465226,11/24/2024,FALSE,DraftKings,5/16/2024,Chicago Bears,Minnesota Vikings,spreads,Chicago Bears,-110,-3,Minnesota Vikings,-110,3,
3c833a498591fa8934c84aa7f3215b7f,11/24/2024,FALSE,DraftKings,5/16/2024,Washington Commanders,Dallas Cowboys,spreads,Washington Commanders,-110,2.5,Dallas Cowboys,-110,-2.5,
2f2541411e68f807dc47d527f5dd4cba,11/24/2024,FALSE,DraftKings,5/16/2024,Indianapolis Colts,Detroit Lions,spreads,Indianapolis Colts,-108,2.5,Detroit Lions,-112,-2.5,
56f4bfb8e21ec6003f31a080be045fc3,11/24/2024,FALSE,DraftKings,5/16/2024,Houston Texans,Tennessee Titans,spreads,Houston Texans,-110,-5.5,Tennessee Titans,-110,5.5,
366a8618003ac848eac5144aebbeace4,11/24/2024,FALSE,DraftKings,5/16/2024,Miami Dolphins,New England Patriots,spreads,Miami Dolphins,-110,-6.5,New England Patriots,-110,6.5,
28c6ab7cb99a26666b9c7d649bbd46f3,11/24/2024,FALSE,DraftKings,5/16/2024,New York Giants,Tampa Bay Buccaneers,spreads,New York Giants,-110,1,Tampa Bay Buccaneers,-110,-1,
19d5cf9ece71b4671440a3b9e03942c4,11/24/2024,FALSE,DraftKings,5/16/2024,Las Vegas Raiders,Denver Broncos,spreads,Las Vegas Raiders,-110,-3,Denver Broncos,-110,3,
d9a2e1ead2367a3b0f46d247ed5b2906,11/24/2024,FALSE,DraftKings,5/16/2024,Seattle Seahawks,Arizona Cardinals,spreads,Seattle Seahawks,-110,-3,Arizona Cardinals,-110,3,
b26e961510947a770532c902ceb27e75,11/24/2024,FALSE,DraftKings,5/16/2024,Green Bay Packers,San Francisco 49ers,spreads,Green Bay Packers,-110,2.5,San Francisco 49ers,-110,-2.5,
40c0ee76eb698fbd5d42139045c27c3e,11/24/2024,FALSE,DraftKings,5/16/2024,Los Angeles Rams,Philadelphia Eagles,spreads,Los Angeles Rams,-110,-0.5,Philadelphia Eagles,-110,0.5,
887b10368f0b3f33a8c47e955736da89,11/25/2024,FALSE,DraftKings,5/16/2024,Los Angeles Chargers,Baltimore Ravens,spreads,Los Angeles Chargers,-110,2,Baltimore Ravens,-110,-2,
818a0f592da4fc2dea2a8caa3170bd6f,11/28/2024,FALSE,DraftKings,5/16/2024,Detroit Lions,Chicago Bears,spreads,Detroit Lions,-110,-3.5,Chicago Bears,-110,3.5,
818a0f592da4fc2dea2a8caa3170bd6f,11/28/2024,FALSE,Caesars,5/16/2024,Detroit Lions,Chicago Bears,spreads,Detroit Lions,-110,-4.5,Chicago Bears,-110,4.5,
1c53fc0f9537ba80e2c121bb58979a24,11/28/2024,FALSE,DraftKings,5/16/2024,Dallas Cowboys,New York Giants,spreads,Dallas Cowboys,-110,-8,New York Giants,-110,8,
1c53fc0f9537ba80e2c121bb58979a24,11/28/2024,FALSE,Caesars,5/16/2024,Dallas Cowboys,New York Giants,spreads,Dallas Cowboys,-110,-9.5,New York Giants,-110,9.5,
e6b414e1b7a012e57d1a0746769f28a2,11/28/2024,FALSE,DraftKings,5/16/2024,Green Bay Packers,Miami Dolphins,spreads,Green Bay Packers,-110,-3,Miami Dolphins,-110,3,
e6b414e1b7a012e57d1a0746769f28a2,11/28/2024,FALSE,Caesars,5/16/2024,Green Bay Packers,Miami Dolphins,spreads,Green Bay Packers,-110,-3,Miami Dolphins,-110,3,
d703217fef577dba3f2d0c38881dd7d3,11/29/2024,FALSE,DraftKings,5/16/2024,Kansas City Chiefs,Las Vegas Raiders,spreads,Kansas City Chiefs,-120,-7,Las Vegas Raiders,100,7,
2be5371e838993958fd7eb2eda6fc412,12/1/2024,FALSE,DraftKings,5/16/2024,Minnesota Vikings,Arizona Cardinals,spreads,Minnesota Vikings,-108,-1.5,Arizona Cardinals,-112,1.5,
45b543405582d30cef04650884f45c6d,12/1/2024,FALSE,DraftKings,5/16/2024,Atlanta Falcons,Los Angeles Chargers,spreads,Atlanta Falcons,-110,-2.5,Los Angeles Chargers,-110,2.5,
041764a17c3ecb1fccd45fc75b7a2b49,12/1/2024,FALSE,DraftKings,5/16/2024,Cincinnati Bengals,Pittsburgh Steelers,spreads,Cincinnati Bengals,-110,-5,Pittsburgh Steelers,-110,5,
0693d63a0af985e361e21fa59fdd8bed,12/1/2024,FALSE,DraftKings,5/16/2024,Jacksonville Jaguars,Houston Texans,spreads,Jacksonville Jaguars,-108,-1,Houston Texans,-112,1,
8b7a76ee61f07cddbb60fc1e079bfeed,12/1/2024,FALSE,DraftKings,5/16/2024,New England Patriots,Indianapolis Colts,spreads,New England Patriots,-110,2,Indianapolis Colts,-110,-2,
63057e9eb2da9cc89ac93911769b9a3e,12/1/2024,FALSE,DraftKings,5/16/2024,New York Jets,Seattle Seahawks,spreads,New York Jets,-110,-4.5,Seattle Seahawks,-110,4.5,
cea1abe8ef88e4105f4cd505b45cd781,12/1/2024,FALSE,DraftKings,5/16/2024,Washington Commanders,Tennessee Titans,spreads,Washington Commanders,-110,-1.5,Tennessee Titans,-110,1.5,
59ffd762ad2b5d96196f4f58037ab670,12/1/2024,FALSE,DraftKings,5/16/2024,Carolina Panthers,Tampa Bay Buccaneers,spreads,Carolina Panthers,-110,2,Tampa Bay Buccaneers,-110,-2,
9dcbd3e2d022d7ed1ef1e0e7f8b08f2b,12/1/2024,FALSE,DraftKings,5/16/2024,New Orleans Saints,Los Angeles Rams,spreads,New Orleans Saints,-110,1.5,Los Angeles Rams,-110,-1.5,
afa7eb720baa94269de839965e41b8b3,12/1/2024,FALSE,DraftKings,5/16/2024,Baltimore Ravens,Philadelphia Eagles,spreads,Baltimore Ravens,-110,-4,Philadelphia Eagles,-110,4,
31557235498f42eeba725001c12c97ff,12/1/2024,FALSE,DraftKings,5/16/2024,Buffalo Bills,San Francisco 49ers,spreads,Buffalo Bills,-110,2,San Francisco 49ers,-110,-2,
e73de417d2fd01292ed12cea2a906903,12/2/2024,FALSE,DraftKings,5/16/2024,Denver Broncos,Cleveland Browns,spreads,Denver Broncos,-110,3.5,Cleveland Browns,-110,-3.5,
e0b1a11b515324fa603bb16ff278dcbf,12/5/2024,FALSE,DraftKings,5/16/2024,Detroit Lions,Green Bay Packers,spreads,Detroit Lions,-115,-2.5,Green Bay Packers,-105,2.5,
c14dd2e8bf469a6736f73be3c28706e8,12/8/2024,FALSE,DraftKings,5/16/2024,Minnesota Vikings,Atlanta Falcons,spreads,Minnesota Vikings,-108,1,Atlanta Falcons,-112,-1,
757ca79be58cadb6fece7718e6e260a2,12/8/2024,FALSE,DraftKings,5/16/2024,Philadelphia Eagles,Carolina Panthers,spreads,Philadelphia Eagles,-110,-7,Carolina Panthers,-110,7,
7ae6be20a581839e77dd6b3f4eab564b,12/8/2024,FALSE,DraftKings,5/16/2024,Pittsburgh Steelers,Cleveland Browns,spreads,Pittsburgh Steelers,-102,-1,Cleveland Browns,-118,1,
7d1198f17462901352e686d8d9515232,12/8/2024,FALSE,DraftKings,5/16/2024,Tennessee Titans,Jacksonville Jaguars,spreads,Tennessee Titans,-110,2,Jacksonville Jaguars,-110,-2,
48859a2a659fe2dd71db168127a01b13,12/8/2024,FALSE,DraftKings,5/16/2024,Tampa Bay Buccaneers,Las Vegas Raiders,spreads,Tampa Bay Buccaneers,-110,-1,Las Vegas Raiders,-110,1,
b8419de1f0e84d8b18da62151ab69596,12/8/2024,FALSE,DraftKings,5/16/2024,Miami Dolphins,New York Jets,spreads,Miami Dolphins,-110,-2,New York Jets,-110,2,
20f2d85ab93463d3c7dbe2573da7f892,12/8/2024,FALSE,DraftKings,5/16/2024,New York Giants,New Orleans Saints,spreads,New York Giants,-118,1,New Orleans Saints,-102,-1,
8c7efb50e0c8c9be94e7b969c58da045,12/8/2024,FALSE,DraftKings,5/16/2024,Arizona Cardinals,Seattle Seahawks,spreads,Arizona Cardinals,-108,-1,Seattle Seahawks,-112,1,
5188cb03fd7577d7448874486c26dccb,12/8/2024,FALSE,DraftKings,5/16/2024,Los Angeles Rams,Buffalo Bills,spreads,Los Angeles Rams,-110,1,Buffalo Bills,-110,-1,
57e91ca052d9484f67f83308f3fb7f65,12/8/2024,FALSE,DraftKings,5/16/2024,San Francisco 49ers,Chicago Bears,spreads,San Francisco 49ers,-110,-5.5,Chicago Bears,-110,5.5,
c70e1ecbef22c98419d4707199d050af,12/8/2024,FALSE,DraftKings,5/16/2024,Kansas City Chiefs,Los Angeles Chargers,spreads,Kansas City Chiefs,-110,-6.5,Los Angeles Chargers,-110,6.5,
2fd335893dbb8ab9c0e1aea6c98a969c,12/9/2024,FALSE,DraftKings,5/16/2024,Dallas Cowboys,Cincinnati Bengals,spreads,Dallas Cowboys,-110,-1,Cincinnati Bengals,-110,1,
b89ffb3a984d693fd6e69cdc3f2d585a,12/12/2024,FALSE,DraftKings,5/16/2024,San Francisco 49ers,Los Angeles Rams,spreads,San Francisco 49ers,-108,-6.5,Los Angeles Rams,-112,6.5,
5b0eca40563ea0d05181677441c3c0bc,12/15/2024,FALSE,DraftKings,5/16/2024,New York Giants,Baltimore Ravens,spreads,New York Giants,-108,6.5,Baltimore Ravens,-112,-6.5,
5e028b3e2019613c56d3431d4e04e46d,12/15/2024,FALSE,DraftKings,5/16/2024,Carolina Panthers,Dallas Cowboys,spreads,Carolina Panthers,-110,6.5,Dallas Cowboys,-110,-6.5,
f6d5d91ea4480042265698647a6120f6,12/15/2024,FALSE,DraftKings,5/16/2024,Tennessee Titans,Cincinnati Bengals,spreads,Tennessee Titans,-110,4.5,Cincinnati Bengals,-110,-4.5,
9db2aef33225a4bda04bbc7c33e50e63,12/15/2024,FALSE,DraftKings,5/16/2024,Cleveland Browns,Kansas City Chiefs,spreads,Cleveland Browns,-120,3,Kansas City Chiefs,100,-3,
79eb6a96467e443fcd884f1aab38fb40,12/15/2024,FALSE,DraftKings,5/16/2024,Houston Texans,Miami Dolphins,spreads,Houston Texans,-110,-2.5,Miami Dolphins,-110,2.5,
7b58ba499776572737bf4335349ee5ca,12/15/2024,FALSE,DraftKings,5/16/2024,Jacksonville Jaguars,New York Jets,spreads,Jacksonville Jaguars,-110,1,New York Jets,-110,-1,
3b7db9e7d8af9f357fa301fb43f2e6af,12/15/2024,FALSE,DraftKings,5/16/2024,New Orleans Saints,Washington Commanders,spreads,New Orleans Saints,-110,-2.5,Washington Commanders,-110,2.5,
c562ac548944fe897e62f4a142de4d54,12/15/2024,FALSE,DraftKings,5/16/2024,Arizona Cardinals,New England Patriots,spreads,Arizona Cardinals,-110,-3,New England Patriots,-110,3,
f3d85c6f4152c6f9c28df5332d7d01ae,12/15/2024,FALSE,DraftKings,5/16/2024,Detroit Lions,Buffalo Bills,spreads,Detroit Lions,-110,-2,Buffalo Bills,-110,2,
f3f5d87420f5bc34d3affc8f44a1c934,12/15/2024,FALSE,DraftKings,5/16/2024,Denver Broncos,Indianapolis Colts,spreads,Denver Broncos,-110,2.5,Indianapolis Colts,-110,-2.5,
531a7692ed7474109ad7d6e331751234,12/15/2024,FALSE,DraftKings,5/16/2024,Los Angeles Chargers,Tampa Bay Buccaneers,spreads,Los Angeles Chargers,-105,-3,Tampa Bay Buccaneers,-115,3,
9cec3324e93aa4ece67f4ed4447bc212,12/15/2024,FALSE,DraftKings,5/16/2024,Philadelphia Eagles,Pittsburgh Steelers,spreads,Philadelphia Eagles,-108,-3,Pittsburgh Steelers,-112,3,
d6e49bbdc498fb1113b86f472f93d8af,12/15/2024,FALSE,DraftKings,5/16/2024,Seattle Seahawks,Green Bay Packers,spreads,Seattle Seahawks,-110,1,Green Bay Packers,-110,-1,
307cc09543c511d894a76fef99e429bb,12/16/2024,FALSE,DraftKings,5/16/2024,Minnesota Vikings,Chicago Bears,spreads,Minnesota Vikings,-115,1,Chicago Bears,-105,-1,
b72078945287a94944a0ffefcd09c42c,12/16/2024,FALSE,DraftKings,5/16/2024,Las Vegas Raiders,Atlanta Falcons,spreads,Las Vegas Raiders,-110,1,Atlanta Falcons,-110,-1,
bfc194ec2b2697cd57f0c7d139e3c05f,12/19/2024,FALSE,DraftKings,5/16/2024,Cincinnati Bengals,Cleveland Browns,spreads,Cincinnati Bengals,-108,-3.5,Cleveland Browns,-112,3.5,
5000078dc935bf60015a51c01eaee016,12/21/2024,FALSE,DraftKings,5/16/2024,Kansas City Chiefs,Houston Texans,spreads,Kansas City Chiefs,-108,-4.5,Houston Texans,-112,4.5,
77184e40f6e14084fd2c378c157640b8,12/21/2024,FALSE,DraftKings,5/16/2024,Baltimore Ravens,Pittsburgh Steelers,spreads,Baltimore Ravens,-110,-6,Pittsburgh Steelers,-110,6,
36091a3b07686b0c7c912d4d4a244474,12/22/2024,FALSE,DraftKings,5/16/2024,Carolina Panthers,Arizona Cardinals,spreads,Carolina Panthers,-110,1,Arizona Cardinals,-110,-1,
9c6ae1f00e07b696e2dd19a0efb7be8f,12/22/2024,FALSE,DraftKings,5/16/2024,Atlanta Falcons,New York Giants,spreads,Atlanta Falcons,-110,-4.5,New York Giants,-110,4.5,
987be0b1af962f068e2928a9067998c9,12/22/2024,FALSE,DraftKings,5/16/2024,Buffalo Bills,New England Patriots,spreads,Buffalo Bills,-110,-7.5,New England Patriots,-110,7.5,
534fd9bc355dbfa4d35156e6d59e3913,12/22/2024,FALSE,DraftKings,5/16/2024,Chicago Bears,Detroit Lions,spreads,Chicago Bears,-110,2,Detroit Lions,-110,-2,
f03bb31e9ff7b81ad1e18e36b7cdddb7,12/22/2024,FALSE,DraftKings,5/16/2024,Indianapolis Colts,Tennessee Titans,spreads,Indianapolis Colts,-108,-3.5,Tennessee Titans,-112,3.5,
d9ace22fff68cd1916da62a70491e424,12/22/2024,FALSE,DraftKings,5/16/2024,New York Jets,Los Angeles Rams,spreads,New York Jets,-110,-3,Los Angeles Rams,-110,3,
7f9202e3018e484a3f30bc99422776fa,12/22/2024,FALSE,DraftKings,5/16/2024,Washington Commanders,Philadelphia Eagles,spreads,Washington Commanders,-110,2.5,Philadelphia Eagles,-110,-2.5,
2564203db1e6a1661681990219083e55,12/22/2024,FALSE,DraftKings,5/16/2024,Los Angeles Chargers,Denver Broncos,spreads,Los Angeles Chargers,-110,-3.5,Denver Broncos,-110,3.5,
87ed34522672eabe6cb5b85c34c4e8ce,12/22/2024,FALSE,DraftKings,5/16/2024,Seattle Seahawks,Minnesota Vikings,spreads,Seattle Seahawks,-110,-2,Minnesota Vikings,-110,2,
d93e285150cc30bb71e930879219d26e,12/22/2024,FALSE,DraftKings,5/16/2024,Las Vegas Raiders,Jacksonville Jaguars,spreads,Las Vegas Raiders,-115,1,Jacksonville Jaguars,-105,-1,
b0e2f4e7023b4f29ca1e1e64f93726f2,12/22/2024,FALSE,DraftKings,5/16/2024,Miami Dolphins,San Francisco 49ers,spreads,Miami Dolphins,-110,1,San Francisco 49ers,-110,-1,
beea49da0ca78cc5636fa84188603fa0,12/22/2024,FALSE,DraftKings,5/16/2024,Dallas Cowboys,Tampa Bay Buccaneers,spreads,Dallas Cowboys,-110,-4.5,Tampa Bay Buccaneers,-110,4.5,
14c12ef82be07b0dc984dd20d477bb8f,12/23/2024,FALSE,DraftKings,5/16/2024,Green Bay Packers,New Orleans Saints,spreads,Green Bay Packers,-110,-5,New Orleans Saints,-110,5,
ce94e5673c8b7a0834f1948f1c5f52c7,12/25/2024,FALSE,DraftKings,5/16/2024,Pittsburgh Steelers,Kansas City Chiefs,spreads,Pittsburgh Steelers,-108,4,Kansas City Chiefs,-112,-4,
ce94e5673c8b7a0834f1948f1c5f52c7,12/25/2024,FALSE,Caesars,5/16/2024,Pittsburgh Steelers,Kansas City Chiefs,spreads,Pittsburgh Steelers,-110,4,Kansas City Chiefs,-110,-4,
adf41cffa9d818a982d19273df911106,12/25/2024,FALSE,Caesars,5/16/2024,Houston Texans,Baltimore Ravens,spreads,Houston Texans,-110,1.5,Baltimore Ravens,-110,-1.5,
adf41cffa9d818a982d19273df911106,12/25/2024,FALSE,DraftKings,5/16/2024,Houston Texans,Baltimore Ravens,spreads,Houston Texans,-110,1.5,Baltimore Ravens,-110,-1.5,
adf41cffa9d818a982d19273df911106,12/25/2024,FALSE,MyBookie.ag,5/16/2024,Houston Texans,Baltimore Ravens,spreads,Houston Texans,-120,2.5,Baltimore Ravens,-115,-2.5,
1cc92f3601760bad475efd70d52ca482,12/26/2024,FALSE,DraftKings,5/16/2024,Chicago Bears,Seattle Seahawks,spreads,Chicago Bears,-108,-3.5,Seattle Seahawks,-112,3.5,
5f99b5d40cf65d48be81c3812cd1e95e,12/29/2024,FALSE,DraftKings,5/16/2024,Washington Commanders,Atlanta Falcons,spreads,Washington Commanders,-110,2,Atlanta Falcons,-110,-2,
eb5a71180b3558fdc20a896e98c00385,12/29/2024,FALSE,DraftKings,5/16/2024,Buffalo Bills,New York Jets,spreads,Buffalo Bills,-110,-2.5,New York Jets,-110,2.5,
cb4060acc9d027ca0069619ef9983415,12/29/2024,FALSE,DraftKings,5/16/2024,Tampa Bay Buccaneers,Carolina Panthers,spreads,Tampa Bay Buccaneers,-108,-4.5,Carolina Panthers,-112,4.5,
aa15f18a1c3124af14045b32185ff166,12/29/2024,FALSE,DraftKings,5/16/2024,Cincinnati Bengals,Denver Broncos,spreads,Cincinnati Bengals,-110,-7.5,Denver Broncos,-110,7.5,
c6aa971def88c7d2127d05ace3a8e643,12/29/2024,FALSE,DraftKings,5/16/2024,Minnesota Vikings,Green Bay Packers,spreads,Minnesota Vikings,-108,2,Green Bay Packers,-112,-2,
0ce683697325d7715a78889240d82cc7,12/29/2024,FALSE,DraftKings,5/16/2024,New York Giants,Indianapolis Colts,spreads,New York Giants,-108,2,Indianapolis Colts,-112,-2,
68e8e424d470fb6d60f1b2f0a3f3d1e3,12/29/2024,FALSE,DraftKings,5/16/2024,Jacksonville Jaguars,Tennessee Titans,spreads,Jacksonville Jaguars,-108,-4,Tennessee Titans,-112,4,
398f58cef1cbb3c99805b52375104238,12/29/2024,FALSE,DraftKings,5/16/2024,New Orleans Saints,Las Vegas Raiders,spreads,New Orleans Saints,-110,-2,Las Vegas Raiders,-110,2,
1bccaf2a9388f9d02f8f0c23cbc6b121,12/29/2024,FALSE,DraftKings,5/16/2024,New England Patriots,Los Angeles Chargers,spreads,New England Patriots,-110,2.5,Los Angeles Chargers,-110,-2.5,
8297b863d5f355bd3127adf93cf196a7,12/29/2024,FALSE,DraftKings,5/16/2024,Los Angeles Rams,Arizona Cardinals,spreads,Los Angeles Rams,-115,-5,Arizona Cardinals,-105,5,
d91d050a1528e77a870d681bbe42f514,12/29/2024,FALSE,DraftKings,5/16/2024,Philadelphia Eagles,Dallas Cowboys,spreads,Philadelphia Eagles,-110,-2,Dallas Cowboys,-110,2,
7c63b1e23a0c65ee07312131e1b7be7e,12/29/2024,FALSE,DraftKings,5/16/2024,Cleveland Browns,Miami Dolphins,spreads,Cleveland Browns,-110,-2,Miami Dolphins,-110,2,
987f7eb725e6a3937511b6c60dee5f18,12/30/2024,FALSE,DraftKings,5/16/2024,San Francisco 49ers,Detroit Lions,spreads,San Francisco 49ers,-110,-4.5,Detroit Lions,-110,4.5,
4da44c8ba4e595d3fe313cbeb1fe797b,1/5/2025,FALSE,DraftKings,5/16/2024,Atlanta Falcons,Carolina Panthers,spreads,Atlanta Falcons,-110,-6.5,Carolina Panthers,-110,6.5,
15a56f0e44d8fdb660a6a0aed2449e4b,1/5/2025,FALSE,DraftKings,5/16/2024,Baltimore Ravens,Cleveland Browns,spreads,Baltimore Ravens,-110,-5,Cleveland Browns,-110,5,
a578e4a27a55666b1043c20dbb3d74cd,1/5/2025,FALSE,DraftKings,5/16/2024,New England Patriots,Buffalo Bills,spreads,New England Patriots,-110,3.5,Buffalo Bills,-110,-3.5,
d2e5d211cba187e5865c9783f3db5288,1/5/2025,FALSE,DraftKings,5/16/2024,Green Bay Packers,Chicago Bears,spreads,Green Bay Packers,-110,-3,Chicago Bears,-110,3,
68aa07e4336438b1f2f5a4dfb82fe9cc,1/5/2025,FALSE,DraftKings,5/16/2024,Pittsburgh Steelers,Cincinnati Bengals,spreads,Pittsburgh Steelers,-110,1,Cincinnati Bengals,-110,-1,
e1ba96b7e56eba655eafcf8249b1d3df,1/5/2025,FALSE,DraftKings,5/16/2024,Dallas Cowboys,Washington Commanders,spreads,Dallas Cowboys,-110,-5.5,Washington Commanders,-110,5.5,
09d8388d4ccba7ddafec2e400b5c013f,1/5/2025,FALSE,DraftKings,5/16/2024,Detroit Lions,Minnesota Vikings,spreads,Detroit Lions,-108,-5,Minnesota Vikings,-112,5,
b1d966863dd3f4c8fc78180f63a20a2f,1/5/2025,FALSE,DraftKings,5/16/2024,Tennessee Titans,Houston Texans,spreads,Tennessee Titans,-108,3,Houston Texans,-112,-3,
ec3a43f544c27aba390eea6b4f1bb55a,1/5/2025,FALSE,DraftKings,5/16/2024,Indianapolis Colts,Jacksonville Jaguars,spreads,Indianapolis Colts,-110,-1.5,Jacksonville Jaguars,-110,1.5,
704a4d59f3dd729fbf089bbe0b6ae27d,1/5/2025,FALSE,DraftKings,5/16/2024,New York Jets,Miami Dolphins,spreads,New York Jets,-110,-1.5,Miami Dolphins,-110,1.5,
983cd3ee325119e16969d4797a6d94f2,1/5/2025,FALSE,DraftKings,5/16/2024,Tampa Bay Buccaneers,New Orleans Saints,spreads,Tampa Bay Buccaneers,-110,-2.5,New Orleans Saints,-110,2.5,
60b1da9a88c680190bfbf3ac935bff82,1/5/2025,FALSE,DraftKings,5/16/2024,Philadelphia Eagles,New York Giants,spreads,Philadelphia Eagles,-110,-5,New York Giants,-110,5,
ebda13c375e6e6bb69822f91bce86756,1/5/2025,FALSE,DraftKings,5/16/2024,Arizona Cardinals,San Francisco 49ers,spreads,Arizona Cardinals,-108,5.5,San Francisco 49ers,-112,-5.5,
d0a37e977bf675c070587b2e13a37e17,1/5/2025,FALSE,DraftKings,5/16/2024,Denver Broncos,Kansas City Chiefs,spreads,Denver Broncos,-110,4,Kansas City Chiefs,-110,-4,
6b14461632df941a9ea60ff83ddca897,1/5/2025,FALSE,DraftKings,5/16/2024,Las Vegas Raiders,Los Angeles Chargers,spreads,Las Vegas Raiders,-105,1,Los Angeles Chargers,-115,-1,
2cf5abcfe39f3ac0d82ffb5a90b49e93,1/5/2025,FALSE,DraftKings,5/16/2024,Los Angeles Rams,Seattle Seahawks,spreads,Los Angeles Rams,-108,-5.5,Seattle Seahawks,-112,5.5,