Player,Pos.,2023 Team,2024 Team,Type,Snaps,Age,Current APY,Guarantees
Ryan Tannehill,QB,Titans,,UFA,47.60%,36,"$29,500,000 ","$62,000,000 "
David Bakhtiari,LT,Packers,,SFA,5.00%,33,"$23,000,000 ","$30,000,000 "
Mike Williams,WR,Chargers,,SFA,14.40%,30,"$20,000,000 ","$40,000,000 "
Jamal Adams,S,Seahawks,,SFA,43.60%,29,"$17,500,000 ","$21,000,000 "
J.C. Jackson,CB,Patriots,,SFA,46.00%,29,"$16,500,000 ","$40,000,000 "
Emmanuel Ogbah,EDGE,Dolphins,,SFA,22.30%,31,"$16,350,000 ","$32,000,000 "
Hunter Renfrow,WR,Raiders,,SFA,34.70%,29,"$15,850,000 ","$14,500,000 "
Justin Simmons,S,Broncos,,SFA,87.20%,31,"$15,250,000 ","$32,100,000 "
Odell Beckham Jr.,WR,Ravens,,Void,41.30%,32,"$15,000,000 ","$15,000,000 "
Eddie Jackson,S,Bears,,SFA,60.20%,31,"$14,600,000 ","$22,000,000 "
Randy Gregory,EDGE,49ers,,UFA,38.50%,32,"$13,900,000 ","$28,000,000 "
Laken Tomlinson,LG,Jets,,SFA,100.00%,32,"$13,333,333 ","$23,900,000 "
D.J. Reader,IDL,Bengals,,UFA,48.80%,30,"$13,250,000 ","$20,250,000 "
Quandre Diggs,S,Seahawks,,SFA,97.10%,31,"$13,000,000 ","$13,490,000 "
Ryan Jensen,C,Buccaneers,,Void,0.00%,33,"$13,000,000 ","$23,000,000 "
Adoree' Jackson,CB,Giants,,UFA,70.20%,29,"$13,000,000 ","$24,500,000 "
Marcus Davenport,EDGE,Vikings,,UFA,10.40%,28,"$13,000,000 ","$10,000,000 "
Kevin Byard,S,Eagles,,SFA,96.50%,31,"$12,550,000 ","$7,000,000 "
Derrick Henry,RB,Titans,,UFA,53.10%,30,"$12,500,000 ","$25,500,000 "
Jerome Baker,LB,Dolphins,,SFA,64.60%,28,"$12,500,000 ","$20,000,000 "
Charles Leno Jr.,LT,Commanders,,SFA,78.60%,33,"$12,500,000 ","$9,000,000 "
Za'Darius Smith,EDGE,Browns,,Void,55.00%,32,"$11,677,000 ","$11,677,000 "
Curtis Samuel,WR,Commanders,,UFA,51.00%,28,"$11,500,000 ","$21,500,000 "
Aaron Jones,RB,Packers,,SFA,32.30%,30,"$11,500,000 ","$8,520,000 "
Tyler Boyd,WR,Bengals,,UFA,75.70%,30,"$10,750,000 ","$9,000,000 "
Yannick Ngakoue,EDGE,Bears,,UFA,55.30%,29,"$10,500,000 ","$9,990,000 "
Cody Whitehair,LG,Bears,,SFA,69.40%,32,"$10,250,000 ","$12,026,078 "
Stephon Gilmore,CB,Cowboys,,UFA,87.20%,34,"$10,000,000 ","$9,510,000 "
Folorunso Fatukasi,IDL,Jaguars,,SFA,37.30%,29,"$10,000,000 ","$20,000,000 "
Marquez Valdes-Scantling,WR,Chiefs,,SFA,54.70%,30,"$10,000,000 ","$8,560,000 "
Fletcher Cox,IDL,Eagles,,Void,58.90%,34,"$10,000,000 ","$10,000,000 "
Michael Thomas,WR,Saints,,Void,42.30%,31,"$10,000,000 ","$6,260,000 "
Kendall Fuller,CB,Commanders,,UFA,87.50%,29,"$10,000,000 ","$13,500,000 "
Duane Brown,LT,Jets,,UFA,10.10%,39,"$10,000,000 ","$9,000,000 "
Micah Hyde,S,Bills,,UFA,74.30%,34,"$9,625,000 ","$9,600,000 "
Carl Lawson,EDGE,Jets,,UFA,8.90%,29,"$9,000,000 ","$8,000,000 "
Rayshawn Jenkins,S,Jaguars,,SFA,98.90%,30,"$8,750,000 ","$16,000,000 "
Chase Young,EDGE,49ers,,UFA,59.90%,25,"$8,640,900 ","$34,563,598 "
Michael Davis,CB,Chargers,,UFA,76.80%,29,"$8,400,000 ","$10,000,000 "
Tracy Walker,S,Lions,,SFA,49.40%,29,"$8,333,333 ","$16,000,000 "
Kenny Moore,CB,Colts,,UFA,92.90%,29,"$8,325,000 ","$9,000,000 "
Logan Thomas,QB,Commanders,,SFA,65.40%,33,"$8,021,667 ","$8,100,000 "
C.J. Uzomah,TE,Jets,,SFA,21.70%,31,"$8,000,000 ","$15,000,000 "
Marcus Maye,S,Saints,,SFA,40.20%,31,"$7,500,000 ","$14,500,000 "
Avonte Maddox,CB,Eagles,,SFA,12.10%,28,"$7,500,000 ","$8,970,221 "
Kevin Zeitler,RG,Ravens,,UFA,87.30%,34,"$7,500,000 ","$16,000,000 "
Vonn Bell,S,Panthers,,SFA,73.70%,30,"$7,500,000 ","$13,000,000 "
Allen Robinson,WR,Steelers,,SFA,72.00%,31,"$7,500,000 ","$5,000,000 "
Devin White,LB,Buccaneers,,UFA,79.40%,26,"$7,328,954 ","$29,315,814 "
Chidobe Awuzie,CB,Bengals,,UFA,65.80%,29,"$7,250,000 ","$7,500,000 "
Hayden Hurst,TE,Panthers,,SFA,27.70%,31,"$7,250,000 ","$13,000,000 "
Connor Williams,C,Dolphins,,UFA,45.30%,27,"$7,017,500 ","$8,535,000 "
DaQuan Jones,IDL,Bills,,UFA,16.20%,33,"$7,000,000 ","$10,625,000 "
Patrick Peterson,CB,Steelers,,SFA,97.10%,34,"$7,000,000 ","$5,850,000 "
Calais Campbell,IDL,Falcons,,UFA,62.50%,38,"$7,000,000 ","$7,000,000 "
Austin Johnson,IDL,Chargers,,UFA,55.70%,30,"$7,000,000 ","$10,625,000 "
"Chauncey Gardner-Johnson, Jr.",CB,Lions,,UFA,17.10%,27,"$6,500,000 ","$6,500,000 "
Trent Brown,RT,Patriots,,UFA,55.30%,31,"$6,500,000 ","$4,000,000 "
Jordan Poyer,S,Bills,,SFA,92.10%,33,"$6,250,000 ","$6,240,000 "
Mark Glowinski,RG,Giants,,SFA,47.10%,32,"$6,100,000 ","$11,400,000 "
Gerald Everett,TE,Chargers,,UFA,49.40%,30,"$6,000,000 ","$8,000,000 "
Bradley Bozeman,C,Panthers,,SFA,100.00%,30,"$6,000,000 ","$10,000,000 "
Tyron Smith,LT,Cowboys,,UFA,60.10%,34,"$6,000,000 ","$6,000,000 "
Bryan Mone,IDL,Seahawks,,SFA,0.00%,29,"$5,517,500 ","$1,500,000 "
Andrus Peat,LG,Saints,,UFA,69.90%,31,"$5,500,000 ","$5,500,000 "
Steven Nelson,CB,Texans,,UFA,89.80%,31,"$5,500,000 ","$2,000,000 "
Tyus Bowser,EDGE,Ravens,,SFA,0.00%,29,"$5,500,000 ","$12,000,000 "
Tyrod Taylor,QB,Giants,,UFA,33.80%,35,"$5,500,000 ","$8,200,000 "
Bobby Wagner,LB,Seahawks,,UFA,98.40%,34,"$5,500,000 ","$4,480,000 "
Josey Jewell,LB,Broncos,,UFA,70.40%,30,"$5,500,000 ","$6,000,000 "
Nick Gates,C,Commanders,,SFA,57.20%,29,"$5,500,000 ","$8,000,000 "
DeVante Parker,WR,Patriots,,SFA,55.30%,31,"$5,400,000 ","$9,100,000 "
Cordarrelle Patterson,WR,Falcons,,UFA,15.70%,33,"$5,250,000 ","$5,000,000 "
Mason Cole,C,Steelers,,SFA,100.00%,28,"$5,250,000 ","$4,565,000 "
Isaiah Simmons,LB,Giants,,UFA,33.40%,26,"$5,166,014 ","$20,664,054 "
C.J. Henderson,CB,Panthers,,UFA,38.60%,26,"$5,129,047 ","$20,516,188 "
Chuck Clark,S,Jets,,UFA,0.00%,29,"$5,100,000 ","$10,000,000 "
Jayron Kearse,S,Cowboys,,UFA,76.60%,30,"$5,000,000 ","$5,000,000 "
Brandon Graham,EDGE,Eagles,,Void,34.00%,36,"$5,000,000 ","$5,000,000 "
Marcus Mariota,QB,Eagles,,UFA,3.80%,31,"$5,000,000 ","$5,000,000 "
Cedrick Wilson Jr.,WR,Dolphins,,UFA,49.60%,29,"$5,000,000 ","$5,000,000 "
Riley Reiff,RT,Patriots,,UFA,4.30%,36,"$5,000,000 ","$4,150,000 "
Jerry Hughes,EDGE,Texans,,UFA,37.90%,36,"$5,000,000 ","$5,500,000 "
Brian Allen,C,Rams,,SFA,3.00%,29,"$5,000,000 ","$3,000,000 "
D.J. Chark,WR,Panthers,,UFA,67.10%,28,"$5,000,000 ","$5,000,000 "
Deonte Harty,WR,Bills,,SFA,13.30%,27,"$4,750,000 ","$4,750,000 "
Jamal Agnew,WR,Jaguars,,UFA,0.00%,29,"$4,750,000 ","$4,000,000 "
Parris Campbell,WR,Giants,,UFA,18.80%,27,"$4,700,000 ","$2,900,000 "
Mekhi Becton,RT,Jets,,UFA,89.60%,25,"$4,611,512 ","$18,446,046 "
Lavonte David,LB,Buccaneers,,UFA,85.00%,34,"$4,500,000 ","$4,500,000 "
Nyheim Hines,RB,Bills,,SFA,0.00%,28,"$4,500,000 ","$2,000,000 "
Jourdan Lewis,CB,Cowboys,,UFA,68.40%,29,"$4,500,000 ","$4,750,000 "
Yosuah Nijman,LT,Packers,,UFA,21.10%,28,"$4,304,000 ",$0 
Teair Tart,IDL,Texans,,UFA,28.00%,27,"$4,304,000 ",$0 
Aaron Brewer,C,Titans,,UFA,100.00%,27,"$4,304,000 ",$0 
Adrian Phillips,S,Patriots,,SFA,12.10%,32,"$4,250,000 ","$5,870,000 "
Dean Lowry,IDL,Vikings,,SFA,21.00%,30,"$4,250,000 ","$4,200,000 "
Keisean Nixon,CB,Packers,,UFA,72.80%,27,"$4,000,000 ","$1,850,000 "
Nick Scott,S,Bengals,,SFA,52.10%,29,"$4,000,000 ","$3,000,000 "
Rock Ya-Sin,CB,Ravens,,UFA,24.10%,28,"$4,000,000 ","$4,000,000 "
Drew Lock,QB,Seahawks,,UFA,13.80%,28,"$4,000,000 ","$1,750,000 "
Levi Wallace,CB,Steelers,,UFA,64.30%,29,"$4,000,000 ","$2,965,000 "
Phil Haynes,LG,Seahawks,,UFA,42.00%,29,"$4,000,000 ","$3,490,000 "
Lucas Patrick,C,Bears,,UFA,84.20%,31,"$4,000,000 ","$4,000,000 "
Mecole Hardman,WR,Chiefs,,UFA,13.60%,26,"$4,000,000 ","$3,580,000 "
Derek Barnett,EDGE,Texans,,UFA,27.90%,28,"$3,750,000 ","$3,500,000 "
Quinton Jefferson,IDL,Jets,,UFA,41.20%,31,"$3,600,000 ","$2,750,000 "
Taven Bryan,IDL,Colts,,UFA,29.30%,28,"$3,510,000 ","$3,000,000 "
Halapoulivaati Vaitai,RG,Lions,,UFA,16.30%,31,"$3,500,000 ","$3,000,000 "
Shelby Harris,IDL,Browns,,UFA,41.60%,33,"$3,500,000 ","$2,000,000 "
Shaquill Griffin,CB,Panthers,,UFA,40.80%,29,"$3,500,000 ","$3,000,000 "
Devin Bush,LB,Seahawks,,UFA,21.00%,26,"$3,500,000 ","$2,990,000 "
Braxton Berrios,WR,Dolphins,,UFA,41.50%,29,"$3,500,000 ","$3,000,000 "
Dawuane Smoot,EDGE,Jaguars,,UFA,30.60%,29,"$3,500,000 ","$2,250,000 "
Jordan Hicks,LB,Vikings,,UFA,71.90%,32,"$3,500,000 ","$3,250,000 "
Charles Harris,EDGE,Lions,,UFA,26.60%,29,"$3,500,000 ","$3,000,000 "
Alexander Mattison,RB,Vikings,,SFA,51.70%,26,"$3,500,000 ","$3,600,000 "
Cody Barton,LB,Commanders,,UFA,72.30%,28,"$3,500,000 ","$3,500,000 "
Jerry Tillery,IDL,Raiders,,SFA,43.80%,28,"$3,400,000 ","$3,850,000 "
Isaiah Oliver,CB,49ers,,SFA,46.00%,28,"$3,375,000 ","$2,910,000 "
K'Lavon Chaisson,EDGE,Jaguars,,UFA,25.40%,25,"$3,336,153 ","$13,344,610 "
Nick Bellore,LB,Seahawks,,SFA,1.20%,35,"$3,300,000 ","$2,300,000 "
Cornelius Lucas,LT,Commanders,,UFA,20.60%,33,"$3,250,000 ","$2,920,000 "
Dan Feeney,LG,Bears,,UFA,8.00%,30,"$3,250,000 ","$3,125,000 "
Hassan Ridgeway,IDL,Texans,,UFA,5.40%,30,"$3,250,000 ","$3,000,000 "
Kenneth Murray,LB,Chargers,,UFA,84.00%,26,"$3,243,736 ","$12,974,944 "
Keion Crossen,CB,Dolphins,,SFA,0.00%,28,"$3,150,000 ","$3,035,000 "
Noah Fant,TE,Seahawks,,UFA,54.60%,27,"$3,147,681 ","$12,590,724 "
Jordyn Brooks,LB,Seahawks,,UFA,67.50%,27,"$3,058,901 ","$12,121,679 "
Randall Cobb,WR,Jets,,UFA,19.10%,34,"$3,000,000 ","$250,000 "
Chris Manhertz,TE,Broncos,,SFA,34.20%,32,"$3,000,000 ","$3,340,000 "
Teddy Bridgewater,QB,Lions,,UFA,0.30%,32,"$3,000,000 ","$2,550,000 "
Ezekiel Elliott,RB,Patriots,,UFA,51.30%,29,"$3,000,000 ","$1,100,000 "
Jordan Phillips,IDL,Bills,,UFA,36.60%,32,"$3,000,000 ","$1,220,000 "
Mike Edwards,S,Chiefs,,UFA,57.10%,28,"$3,000,000 ","$2,480,000 "
Jermaine Eluemunor,RT,Raiders,,UFA,86.50%,30,"$3,000,000 ","$2,438,000 "
Donovan Smith,LT,Chiefs,,UFA,66.30%,31,"$3,000,000 ","$1,980,000 "
Siran Neal,CB,Bills,,SFA,4.20%,30,"$3,000,000 ","$2,900,000 "
Tim Settle,IDL,Bills,,UFA,35.40%,27,"$3,000,000 ","$2,458,000 "
Bud Dupree,EDGE,Falcons,,UFA,63.60%,31,"$3,000,000 ","$2,490,000 "
Josh Reynolds,WR,Lions,,UFA,70.60%,29,"$3,000,000 ","$2,700,000 "
Dante Fowler Jr.,EDGE,Cowboys,,UFA,25.20%,30,"$3,000,000 ","$1,000,000 "
Marquise Brown,WR,Cardinals,,UFA,69.20%,27,"$2,946,835 ","$11,589,976 "
Tashaun Gipson,S,49ers,,UFA,89.40%,34,"$2,900,000 ","$2,170,000 "
Rigoberto Sanchez,P,Colts,,UFA,30.10%,30,"$2,900,000 ","$5,000,000 "
Lawrence Guy,IDL,Patriots,,SFA,45.80%,34,"$2,875,000 ","$2,075,000 "
Noah Igbinoghene,CB,Cowboys,,UFA,2.30%,25,"$2,813,551 ","$10,718,036 "
Dalton Risner,LG,Vikings,,UFA,66.50%,29,"$2,781,250 ","$2,250,000 "
Marquis Haynes,EDGE,Panthers,,UFA,13.50%,31,"$2,750,000 ","$2,035,000 "
Austin Hooper,TE,Raiders,,UFA,53.30%,30,"$2,750,000 ","$2,165,000 "
Clyde Edwards-Helaire,RB,Chiefs,,UFA,20.10%,25,"$2,705,394 ","$9,955,850 "
Sebastian Joseph-Day,IDL,49ers,,UFA,52.60%,29,"$2,700,000 ",$0 
Kareem Jackson,S,Texans,,UFA,45.90%,36,"$2,667,500 ","$152,500 "
William Gholston,IDL,Buccaneers,,UFA,21.80%,33,"$2,667,500 ","$1,317,500 "
Matt Slater,WR,Patriots,,UFA,0.00%,39,"$2,667,500 ","$2,667,500 "
Robert Tonyan,TE,Bears,,UFA,28.40%,30,"$2,650,000 ","$1,250,000 "
Andrew Van Ginkel,EDGE,Dolphins,,UFA,65.70%,29,"$2,650,000 ","$2,260,000 "
Tyler Huntley,QB,Ravens,,UFA,7.60%,26,"$2,627,000 ",$0 
Jeremy Reaves,S,Commanders,,UFA,0.00%,28,"$2,627,000 ",$0 
Myles Bryant,CB,Patriots,,UFA,74.80%,26,"$2,627,000 ",$0 
Tommy Townsend,P,Chiefs,,UFA,29.60%,28,"$2,627,000 ",$0 
Denzel Perryman,LB,Texans,,UFA,44.80%,32,"$2,600,000 ","$500,000 "
K'Waun Williams,CB,Broncos,,UFA,0.00%,33,"$2,600,000 ","$2,500,000 "
Olisaemeka Udoh,RT,Vikings,,UFA,4.00%,27,"$2,582,500 ","$2,582,500 "
Tre Herndon,CB,Jaguars,,UFA,43.30%,28,"$2,582,500 ","$2,582,500 "
Will Harris,S,Lions,,UFA,17.50%,29,"$2,582,500 ","$2,582,500 "
Sam Franklin,S,Panthers,,UFA,27.40%,28,"$2,510,000 ","$1,500,000 "
Brandon Bolden,RB,Raiders,,UFA,0.50%,34,"$2,505,000 ","$2,375,000 "
Jadeveon Clowney,EDGE,Ravens,,UFA,56.40%,31,"$2,505,000 ","$2,165,000 "
Nick Folk,K,Titans,,UFA,22.80%,40,"$2,500,000 ","$2,190,000 "
Cameron Fleming,LT,Broncos,,UFA,11.80%,32,"$2,500,000 ","$850,000 "
Tyler Matakevich,LB,Bills,,UFA,1.50%,32,"$2,500,000 ","$2,500,000 "
Montravius Adams,IDL,Steelers,,UFA,35.60%,29,"$2,500,000 ","$1,465,000 "
Mack Hollins,WR,Falcons,,UFA,30.50%,31,"$2,500,000 ","$910,000 "
Rasheem Green,EDGE,Bears,,UFA,35.90%,27,"$2,500,000 ","$850,000 "
Romeo Okwara,EDGE,Lions,,UFA,22.60%,29,"$2,500,000 ","$2,000,000 "
Jalen Mills,CB,Patriots,,UFA,39.50%,30,"$2,500,000 ","$1,000,000 "
Oren Burks,LB,49ers,,UFA,29.90%,29,"$2,500,000 ","$1,365,000 "
Clelin Ferrell,EDGE,49ers,,UFA,43.10%,27,"$2,500,000 ","$1,240,000 "
Chris Board,LB,Patriots,,SFA,0.10%,29,"$2,500,000 ","$2,600,000 "
Matt Feiler,LG,Buccaneers,,UFA,35.00%,32,"$2,500,000 ","$1,290,000 "
Tyler Shatley,C,Jaguars,,UFA,44.40%,33,"$2,400,000 ","$2,350,000 "
Coleman Shelton,RG,Rams,,UFA,97.00%,29,"$2,375,000 ","$2,750,000 "
Keith Smith,FB,Falcons,,UFA,16.50%,32,"$2,350,000 ","$625,000 "
Solomon Thomas,EDGE,Jets,,UFA,42.60%,29,"$2,350,000 ","$2,010,000 "
Isaiah Wynn,RT,Dolphins,,UFA,35.70%,29,"$2,300,000 ","$1,960,000 "
Linval Joseph,IDL,Bills,,UFA,15.00%,36,"$2,282,500 ","$1,250,000 "
Mike Purcell,IDL,Broncos,,UFA,40.90%,33,"$2,250,000 ","$45,000 "
Justin Hardee,CB,Jets,,UFA,0.00%,30,"$2,250,000 ","$1,000,000 "
Al Woods,IDL,Jets,,UFA,12.40%,37,"$2,250,000 ","$1,000,000 "
Brian Hoyer,QB,Raiders,,SFA,7.60%,39,"$2,250,000 ","$4,205,000 "
Jon Feliciano,LG,49ers,,UFA,44.80%,32,"$2,250,000 ","$2,250,000 "
Evan Brown,C,Seahawks,,UFA,91.30%,28,"$2,250,000 ","$1,000,000 "
Tavierre Thomas,CB,Texans,,UFA,30.90%,28,"$2,250,000 ","$2,000,000 "
Poona Ford,IDL,Bills,,UFA,14.10%,29,"$2,250,000 ","$1,500,000 "
Joe Flacco,QB,Browns,,UFA,27.90%,39,"$2,200,000 ","$400,000 "
Wil Lutz,K,Broncos,,UFA,32.00%,30,"$2,200,000 ","$500,000 "
Cody Davis,S,Patriots,,UFA,0.00%,35,"$2,200,000 ","$500,000 "
Keanu Neal,S,Steelers,,SFA,38.10%,29,"$2,125,000 ","$920,000 "
Joey Slye,K,Commanders,,UFA,27.50%,28,"$2,100,000 ","$2,000,000 "
Yetur Gross-Matos,EDGE,Panthers,,UFA,44.20%,26,"$2,049,707 ","$5,215,458 "
Tershawn Wharton,IDL,Chiefs,,UFA,36.70%,26,"$2,025,000 ","$850,000 "
Tyrel Dodson,LB,Bills,,UFA,51.20%,26,"$2,010,000 ","$2,010,000 "
Terrell Edmunds,S,Titans,,UFA,41.10%,27,"$2,000,000 ","$600,000 "
Marcedes Lewis,TE,Bears,,UFA,29.20%,40,"$2,000,000 ","$1,000,000 "
Zeke Turner,LB,Cardinals,,UFA,4.50%,28,"$2,000,000 ","$652,500 "
Efe Obada,EDGE,Commanders,,UFA,8.40%,32,"$2,000,000 ","$1,000,000 "
D'Onta Foreman,RB,Bears,,UFA,23.60%,28,"$2,000,000 ","$1,000,000 "
Greg Joseph,K,Vikings,,UFA,34.00%,30,"$2,000,000 ","$1,700,000 "
Ray-Ray McCloud,WR,49ers,,UFA,19.60%,28,"$2,000,000 ","$2,785,000 "
Joshua Dobbs,QB,Vikings,,UFA,75.70%,29,"$2,000,000 ","$2,000,000 "
Kevin Givens,IDL,49ers,,UFA,36.40%,27,"$2,000,000 ","$2,000,000 "
Boston Scott,RB,Eagles,,UFA,5.90%,29,"$2,000,000 ","$1,080,000 "
Laviska Shenault,WR,Panthers,,UFA,8.00%,26,"$1,924,017 ","$4,726,961 "
Connor McGovern,C,Jets,,UFA,33.70%,31,"$1,915,000 ","$1,250,000 "
Prince Tega Wanogho,RT,Chiefs,,UFA,1.40%,27,"$1,865,000 ","$750,000 "
Nik Needham,CB,Dolphins,,UFA,6.40%,28,"$1,825,000 ","$750,000 "
Demetrius Flannigan-Fowles,LB,49ers,,UFA,14.70%,28,"$1,825,000 ","$1,250,000 "
Easton Stick,QB,Chargers,,UFA,27.60%,29,"$1,800,000 ","$1,152,500 "
Zach Cunningham,LB,Eagles,,UFA,61.70%,30,"$1,775,000 ","$14,000 "
Scott Quessenberry,C,Texans,,UFA,0.00%,29,"$1,775,000 ","$1,425,000 "
Trent Sherfield,WR,Bills,,UFA,33.70%,28,"$1,770,000 ","$750,000 "
Damien Harris,RB,Bills,,UFA,5.20%,27,"$1,770,000 ","$1,000,000 "
DeShon Elliott,S,Dolphins,,UFA,84.00%,27,"$1,770,000 ","$1,770,000 "
Harrison Bryant,TE,Browns,,UFA,32.70%,26,"$1,750,000 ","$1,750,000 "
DeShawn Williams,IDL,Panthers,,UFA,42.10%,32,"$1,750,000 ","$1,750,000 "
Jordan Elliott,IDL,Browns,,UFA,41.80%,27,"$1,700,000 ","$1,500,000 "
Ross Dwelley,TE,49ers,,UFA,7.10%,29,"$1,700,000 ","$700,000 "
Geoff Swaim,TE,Cardinals,,UFA,29.70%,31,"$1,700,000 ","$450,000 "
Neville Hewitt,LB,Texans,,UFA,0.30%,31,"$1,700,000 ","$300,000 "
Marquise Goodwin,WR,Browns,,UFA,9.80%,34,"$1,700,000 ","$400,000 "
Darrell Taylor,EDGE,Seahawks,,RFA,32.10%,27,"$1,691,128 ","$4,007,122 "
Corey Bojorquez,P,Browns,,UFA,29.40%,28,"$1,690,000 ","$1,500,000 "
Carlos Watkins,IDL,Cardinals,,UFA,3.90%,31,"$1,670,000 ","$250,000 "
Chase Claypool,WR,Dolphins,,UFA,17.30%,26,"$1,654,159 ","$3,892,856 "
Billy Turner,RT,Jets,,UFA,18.90%,33,"$1,650,000 ","$1,000,000 "
Mack Wilson,LB,Patriots,,UFA,26.80%,26,"$1,600,000 ","$575,000 "
Nate Sudfeld,QB,Lions,,UFA,0.00%,31,"$1,600,000 ","$1,000,000 "
Kyle Van Noy,EDGE,Ravens,,UFA,41.90%,33,"$1,600,000 ","$1,400,000 "
Greg Van Roten,RG,Raiders,,UFA,98.00%,34,"$1,600,000 ","$907,500 "
Eli Apple,CB,Dolphins,,UFA,49.90%,29,"$1,600,000 ","$500,000 "
Justin Evans,S,Eagles,,UFA,17.00%,29,"$1,590,000 ","$600,000 "
Shaquille Leonard,LB,Eagles,,UFA,53.00%,29,"$1,583,333 ",$0 
Julio Jones,WR,Eagles,,UFA,20.10%,35,"$1,567,000 ",$0 
Adam Butler,IDL,Raiders,,UFA,45.70%,30,"$1,550,000 ","$485,800 "
Cam Akers,RB,Vikings,,RFA,12.30%,25,"$1,543,261 ","$3,550,077 "
Jakeem Grant,WR,Browns,,UFA,0.00%,32,"$1,512,500 ",$0 
Jihad Ward,EDGE,Giants,,UFA,58.70%,30,"$1,500,000 ","$500,000 "
Rudy Ford,S,Packers,,UFA,50.90%,30,"$1,500,000 ","$50,000 "
Dare Ogunbowale,RB,Texans,,UFA,9.50%,30,"$1,500,000 ","$550,000 "
Josh Tupou,IDL,Bengals,,UFA,26.20%,30,"$1,500,000 ","$300,000 "
Antonio Hamilton,CB,Cardinals,,UFA,50.50%,31,"$1,500,000 ","$1,500,000 "
DeAndre Carter,WR,Raiders,,UFA,9.80%,31,"$1,500,000 ","$1,255,000 "
Khaleke Hudson,LB,Commanders,,UFA,34.70%,27,"$1,500,000 ","$300,000 "
Adam Trautman,TE,Broncos,,UFA,70.40%,27,"$1,500,000 ","$1,500,000 "
J.K. Dobbins,RB,Ravens,,UFA,2.70%,26,"$1,432,360 ","$3,207,293 "
Justin Pugh,LG,Giants,,UFA,69.20%,34,"$1,430,000 ","$260,000 "
Trystan Colon,LG,Cardinals,,UFA,28.50%,26,"$1,410,000 ","$250,000 "
Van Jefferson,WR,Falcons,,UFA,54.60%,28,"$1,402,785 ","$3,115,880 "
Aaron Stinnie,LG,Buccaneers,,UFA,65.10%,30,"$1,400,000 ",$0 
Iosua Opeta,LG,Eagles,,UFA,45.90%,28,"$1,400,000 ","$175,000 "
Matt Breida,RB,Giants,,UFA,26.10%,29,"$1,400,000 ","$500,000 "
Rashaad Penny,RB,Eagles,,UFA,2.70%,28,"$1,350,000 ","$600,000 "
Kareem Hunt,RB,Browns,,UFA,27.30%,29,"$1,350,000 ","$500,000 "
Kristian Fulton,CB,Titans,,UFA,44.00%,26,"$1,332,549 ","$2,898,786 "
A.J. Dillon,RB,Packers,,UFA,45.10%,26,"$1,321,458 ","$2,760,240 "
"Willie Gay, Jr.",LB,Chiefs,,UFA,57.40%,26,"$1,317,762 ","$2,853,081 "
Blaine Gabbert,QB,Chiefs,,UFA,7.00%,35,"$1,317,500 ","$1,092,500 "
Trai Turner,RG,Saints,,UFA,0.00%,31,"$1,317,500 ","$152,500 "
Jerick McKinnon,RB,Chiefs,,UFA,23.40%,32,"$1,317,500 ","$1,092,500 "
Markus Golden,EDGE,Steelers,,UFA,20.40%,33,"$1,317,500 ","$152,500 "
Sterling Shepard,WR,Giants,,UFA,12.90%,31,"$1,317,500 ",$0 
Kwon Alexander,LB,Steelers,,UFA,32.10%,30,"$1,317,500 ","$152,500 "
Casey Kreiter,LS,Giants,,UFA,33.60%,34,"$1,317,500 ","$352,500 "
Chris Moore,WR,Titans,,UFA,56.80%,31,"$1,317,500 ","$1,000,000 "
Mario Edwards Jr.,IDL,Seahawks,,UFA,33.00%,30,"$1,317,500 ","$152,500 "
J.J. Jansen,LS,Panthers,,UFA,31.20%,38,"$1,317,500 ","$552,500 "
Rodney McLeod,S,Browns,,UFA,26.40%,34,"$1,317,500 ","$852,500 "
Aaron Brewer,LS,Cardinals,,UFA,24.40%,34,"$1,317,500 ",$0 
Jimmy Graham,TE,Saints,,UFA,14.80%,38,"$1,317,500 ","$152,500 "
Shaq Lawson,EDGE,Bills,,UFA,29.90%,30,"$1,317,500 ","$452,500 "
Kamu Grugier-Hill,LB,Panthers,,UFA,38.20%,30,"$1,317,500 ","$152,500 "
David Mayo,LB,Commanders,,UFA,30.00%,31,"$1,317,500 ","$152,500 "
Kendall Lamm,RT,Dolphins,,UFA,55.80%,32,"$1,317,500 ","$200,000 "
Latavius Murray,RB,Bills,,UFA,30.20%,34,"$1,317,500 ","$802,500 "
Johnathan Hankins,IDL,Cowboys,,UFA,32.80%,32,"$1,317,500 ","$1,092,500 "
John Jenkins,IDL,Raiders,,UFA,51.60%,35,"$1,317,500 ","$200,000 "
Michael Burton,FB,Broncos,,UFA,17.60%,32,"$1,317,500 ","$1,066,250 "
Blake Bell,TE,Chiefs,,UFA,22.20%,33,"$1,317,500 ",$0 
Henry Anderson,IDL,Panthers,,UFA,0.00%,33,"$1,317,500 ","$152,500 "
Carson Wentz,QB,Rams,,UFA,6.10%,32,"$1,315,000 ","$150,000 "
Chris Hubbard,RT,Titans,,UFA,45.00%,33,"$1,315,000 ","$75,000 "
Matt Nelson,LT,Lions,,UFA,7.20%,29,"$1,300,000 ","$150,000 "
James Pierre,CB,Steelers,,UFA,2.30%,28,"$1,300,000 ",$0 
Kentavius Street,EDGE,Falcons,,UFA,23.30%,28,"$1,280,000 ","$500,000 "
Max Scharping,RG,Bengals,,UFA,1.20%,28,"$1,280,000 ","$175,000 "
Troy Hill,CB,Panthers,,UFA,46.80%,33,"$1,265,000 ","$50,000 "
Chris Reed,LG,Vikings,,UFA,0.20%,32,"$1,265,000 ",$0 
Tyler Kroft,TE,Dolphins,,UFA,3.90%,32,"$1,265,000 ","$100,000 "
Nick Westbrook-Ikhine,WR,Titans,,UFA,58.20%,27,"$1,260,000 ","$400,000 "
Equanimeous St. Brown,WR,Bears,,UFA,18.70%,28,"$1,250,000 ","$170,000 "
Trevis Gipson,EDGE,Titans,,UFA,6.60%,27,"$1,250,000 ","$250,000 "
Justin Bethel,CB,Dolphins,,UFA,11.20%,34,"$1,242,500 ",$0 
Jacob Martin,EDGE,Colts,,UFA,15.80%,29,"$1,233,000 ",$0 
Drew Sample,TE,Bengals,,UFA,45.70%,28,"$1,232,500 ","$52,500 "
Josh Woods,LB,Cardinals,,UFA,51.40%,28,"$1,232,500 ","$777,500 "
Elijah Wilkinson,LG,Cardinals,,UFA,44.20%,29,"$1,232,500 ","$1,092,500 "
Trayveon Williams,RB,Bengals,,UFA,14.30%,27,"$1,232,500 ","$52,500 "
Scott Miller,WR,Falcons,,UFA,23.50%,27,"$1,232,500 ","$152,500 "
Rashad Fenton,CB,Cardinals,,UFA,0.00%,27,"$1,232,500 ","$76,250 "
Kyle Allen,QB,Bills,,UFA,3.30%,28,"$1,232,500 ","$350,000 "
Matthew Adams,LB,Browns,,UFA,9.10%,29,"$1,232,500 ","$300,000 "
Chandon Sullivan,CB,Steelers,,UFA,37.40%,28,"$1,232,500 ","$152,500 "
D'Ernest Johnson,RB,Jaguars,,UFA,16.60%,28,"$1,232,500 ","$250,000 "
Tre Flowers,CB,Falcons,,UFA,17.50%,29,"$1,232,500 ","$500,000 "
Jalen Guyton,WR,Chargers,,UFA,22.00%,27,"$1,232,500 ","$76,000 "
Isaac Yiadom,CB,Saints,,UFA,46.50%,28,"$1,232,500 ",$0 
Jordan Kunaszyk,LB,Browns,,UFA,5.30%,28,"$1,232,500 ","$500,000 "
Olamide Zaccheaus,WR,Eagles,,UFA,41.10%,27,"$1,232,500 ","$650,000 "
Ryan Neal,S,Buccaneers,,UFA,51.60%,29,"$1,232,500 ","$1,092,500 "
Will Clapp,C,Chargers,,UFA,61.00%,29,"$1,232,500 ","$100,000 "
Richie James,WR,Chiefs,,UFA,12.10%,29,"$1,232,500 ","$552,500 "
Chase Edmonds,RB,Buccaneers,,UFA,14.10%,28,"$1,232,500 ","$152,500 "
Derrick Nnadi,IDL,Chiefs,,UFA,45.80%,28,"$1,232,500 ","$1,092,500 "
Eric Wilson,LB,Packers,,UFA,10.90%,30,"$1,232,500 ","$152,500 "
Trevon Wesco,TE,Titans,,UFA,40.40%,29,"$1,232,500 ","$352,500 "
Nicholas Williams,IDL,Chargers,,UFA,34.70%,34,"$1,230,000 ","$25,000 "
Ashtyn Davis,S,Jets,,UFA,19.10%,28,"$1,229,347 ","$1,136,280 "
MyCole Pruitt,TE,Falcons,,UFA,35.70%,32,"$1,215,000 ",$0 
Josh Jones,LT,Texans,,UFA,20.00%,27,"$1,209,834 ","$1,079,516 "
KhaDarel Hodge,WR,Falcons,,UFA,32.70%,29,"$1,200,000 ",$0 
Zack Baun,LB,Saints,,UFA,27.20%,28,"$1,196,780 ","$1,059,048 "
Jarrad Davis,LB,Giants,,UFA,0.00%,30,"$1,180,000 ",$0 
Zach Triner,LS,Buccaneers,,UFA,33.30%,33,"$1,172,500 ","$825,000 "
Matt Hennessy,C,Falcons,,UFA,0.00%,27,"$1,171,594 ","$1,009,580 "
Thomas Morstead,P,Jets,,UFA,32.40%,38,"$1,165,000 ","$940,000 "
Matt Barkley,QB,Jaguars,,UFA,0.50%,34,"$1,165,000 ",$0 
Logan Ryan,S,49ers,,UFA,11.40%,33,"$1,165,000 ",$0 
Carson Tinker,LS,Rams,,UFA,6.50%,35,"$1,165,000 ",$0 
Angelo Blackson,IDL,Jaguars,,UFA,19.30%,32,"$1,165,000 ",$0 
Josh Johnson,QB,Ravens,,UFA,0.00%,38,"$1,165,000 ",$0 
James Ferentz,RG,Patriots,,UFA,0.40%,35,"$1,165,000 ",$0 
Anthony Barr,LB,Vikings,,UFA,4.30%,32,"$1,165,000 ",$0 
Bradley Roby,CB,Eagles,,UFA,29.60%,32,"$1,165,000 ",$0 
Chris Conley,WR,49ers,,UFA,10.30%,32,"$1,165,000 ",$0 
Gabe Jackson,RG,Panthers,,UFA,16.90%,33,"$1,165,000 ",$0 
C.J. Goodwin,CB,Cowboys,,UFA,1.50%,34,"$1,165,000 ",$0 
Tyson Alualu,IDL,Lions,,UFA,6.10%,37,"$1,165,000 ",$0 
A.J. McCarron,QB,Bengals,,SFA,1.60%,34,"$1,165,000 ",$0 
Cameron Erving,RT,Saints,,UFA,18.00%,32,"$1,165,000 ",$0 
Jake McQuaide,LS,Lions,,UFA,14.30%,37,"$1,165,000 ",$0 
Jonotthan Harrison,C,Dolphins,,UFA,0.80%,33,"$1,165,000 ",$0 
Melvin Gordon,RB,Ravens,,SFA,5.00%,31,"$1,165,000 ",$0 
Randy Bullock,K,Giants,,UFA,7.90%,35,"$1,165,000 ",$0 
Tyler Larsen,C,Commanders,,UFA,41.60%,33,"$1,165,000 ",$0 
Bruce Irvin,EDGE,Dolphins,,UFA,3.80%,37,"$1,165,000 ",$0 
Trevor Siemian,QB,Jets,,UFA,26.10%,33,"$1,165,000 ",$0 
Max Garcia,LG,Saints,,UFA,27.60%,33,"$1,165,000 ",$0 
Melvin Ingram,EDGE,Dolphins,,UFA,8.60%,35,"$1,165,000 ",$0 
Jason Peters,RT,Seahawks,,UFA,20.60%,42,"$1,165,000 ",$0 
Duron Harmon,S,Browns,,UFA,20.40%,33,"$1,165,000 ",$0 
Dwayne Washington,RB,Broncos,,UFA,0.10%,30,"$1,165,000 ",$0 
Robbie Chosen,WR,Dolphins,,UFA,12.30%,31,"$1,165,000 ",$0 
Nick Vigil,LB,Vikings,,UFA,0.00%,31,"$1,165,000 ",$0 
Daryl Worley,S,Ravens,,UFA,10.70%,29,"$1,165,000 ",$0 
Deion Jones,LB,Panthers,,UFA,29.70%,30,"$1,165,000 ",$0 
Justin Houston,EDGE,Dolphins,,UFA,15.90%,35,"$1,165,000 ",$0 
Blake Martinez,LB,Steelers,,UFA,1.90%,30,"$1,165,000 ",$0 
Laquon Treadwell,WR,Ravens,,SFA,5.80%,29,"$1,165,000 ",$0 
DeAndre Houston-Carson,S,Texans,,UFA,42.50%,31,"$1,165,000 ",$0 
Adrian Amos,S,Texans,,UFA,31.80%,31,"$1,165,000 ",$0 
Joe Bachie,LB,Bengals,,UFA,0.90%,26,"$1,160,000 ","$75,000 "
Pat Elflein,LG,Cardinals,,UFA,0.00%,30,"$1,150,000 ","$25,000 "
Lloyd Cushenberry,C,Broncos,,UFA,99.70%,27,"$1,144,210 ","$946,176 "
Jeff Driskel,QB,Browns,,UFA,4.30%,31,"$1,140,000 ","$60,000 "
Julian Blackmon,S,Colts,,UFA,84.20%,26,"$1,134,960 ","$926,436 "
Dylan Cole,LB,Bears,,UFA,0.30%,30,"$1,132,500 ","$52,500 "
Nicholas Morrow,LB,Eagles,,UFA,71.80%,29,"$1,130,000 ","$50,000 "
Austin Schlottmann,C,Vikings,,UFA,22.10%,29,"$1,130,000 ",$0 
Anfernee Jennings,EDGE,Patriots,,UFA,59.50%,27,"$1,125,982 ","$903,180 "
Jesper Horsted,TE,Raiders,,UFA,0.80%,27,"$1,120,000 ","$30,000 "
Josiah Deguara,TE,Packers,,UFA,17.90%,27,"$1,104,921 ","$867,468 "
Fabian Moreau,CB,Broncos,,UFA,65.80%,30,"$1,100,000 ",$0 
Rick Lovato,LS,Eagles,,UFA,29.90%,32,"$1,096,667 ",$0 
Jacob Phillips,LB,Browns,,UFA,0.00%,25,"$1,086,078 ","$832,292 "
Malik Harrison,EDGE,Ravens,,UFA,17.00%,26,"$1,084,234 ","$832,292 "
Matt Peart,RT,Giants,,UFA,12.00%,27,"$1,082,390 ","$832,292 "
Brett Maher,K,Rams,,UFA,8.60%,35,"$1,080,000 ",$0 
Desmond King,CB,Texans,,UFA,27.40%,30,"$1,080,000 ",$0 
Alex Armah,FB,Commanders,,UFA,4.20%,30,"$1,080,000 ",$0 
Hroniss Grasu,RG,Raiders,,UFA,1.40%,33,"$1,080,000 ",$0 
Da'Shawn Hand,EDGE,Dolphins,,UFA,17.90%,29,"$1,080,000 ",$0 
Trent Taylor,WR,Bears,,UFA,10.80%,30,"$1,080,000 ",$0 
Eric Saubert,TE,Texans,,UFA,9.30%,30,"$1,080,000 ",$0 
Isaiah McKenzie,WR,Colts,,UFA,10.20%,29,"$1,080,000 ","$250,000 "
Nathan Peterman,QB,Bears,,UFA,0.40%,30,"$1,080,000 ",$0 
Maurice Hurst,IDL,Browns,,UFA,28.60%,29,"$1,080,000 ",$0 
Marlon Mack,RB,Cardinals,,UFA,0.00%,28,"$1,080,000 ",$0 
Genard Avery,LB,Colts,,UFA,0.00%,29,"$1,080,000 ",$0 
Ronnie Harrison,S,Colts,,UFA,20.00%,27,"$1,080,000 ",$0 
Sean Harlow,RG,Giants,,UFA,1.40%,29,"$1,080,000 ",$0 
David Sharpe,RT,Panthers,,UFA,0.10%,29,"$1,080,000 ",$0 
Jaleel Johnson,IDL,Titans,,UFA,23.50%,30,"$1,080,000 ",$0 
John Johnson,S,Rams,,UFA,45.70%,29,"$1,080,000 ",$0 
Matt Pryor,LT,49ers,,UFA,3.90%,30,"$1,080,000 ",$0 
Chris Wormley,IDL,Panthers,,UFA,4.40%,31,"$1,080,000 ",$0 
Corey Ballentine,CB,Packers,,UFA,43.90%,28,"$1,080,000 ",$0 
Jalyn Holmes,IDL,Jets,,UFA,7.10%,28,"$1,080,000 ",$0 
Ifeadi Odenigbo,EDGE,Jets,,UFA,0.00%,30,"$1,080,000 ",$0 
Corey Levin,C,Titans,,UFA,1.00%,30,"$1,080,000 ",$0 
Joseph Jones,LB,Titans,,UFA,0.00%,30,"$1,080,000 ",$0 
Will Grier,QB,Chargers,,UFA,0.00%,29,"$1,080,000 ",$0 
Ugochukwu Amadi,CB,Saints,,UFA,7.50%,27,"$1,080,000 ",$0 
Miles Boykin,WR,Steelers,,UFA,11.30%,28,"$1,080,000 ",$0 
Chuma Edoga,RT,Cowboys,,UFA,35.40%,27,"$1,080,000 ",$0 
River Cracraft,WR,Dolphins,,UFA,16.80%,30,"$1,080,000 ",$0 
Michael Deiter,LG,Texans,,UFA,60.50%,28,"$1,080,000 ",$0 
Dean Marlowe,S,Chargers,,UFA,25.80%,32,"$1,080,000 ",$0 
Justin Hollins,EDGE,Chargers,,UFA,17.40%,28,"$1,080,000 ",$0 
Trayvon Mullen,CB,Ravens,,UFA,0.00%,27,"$1,080,000 ",$0 
Andre Smith,LB,Falcons,,UFA,9.80%,27,"$1,080,000 ",$0 
Pharaoh Brown,TE,Patriots,,UFA,38.00%,30,"$1,080,000 ",$0 
Anthony Firkser,TE,Lions,,UFA,0.20%,29,"$1,080,000 ",$0 
Arthur Maulet,CB,Ravens,,UFA,35.20%,31,"$1,080,000 ","$220,000 "
Brandon Parker,RT,Raiders,,UFA,1.30%,29,"$1,080,000 ",$0 
Royce Freeman,RB,Rams,,UFA,18.00%,28,"$1,080,000 ",$0 
Geron Christian,LT,Browns,,UFA,51.60%,28,"$1,080,000 ",$0 
Pat O'Connor,EDGE,Buccaneers,,UFA,3.70%,31,"$1,080,000 ",$0 
David Moore,WR,Buccaneers,,UFA,9.50%,29,"$1,080,000 ",$0 
Ahkello Witherspoon,CB,Rams,,UFA,93.50%,29,"$1,080,000 ",$0 
Artie Burns,CB,Seahawks,,UFA,19.40%,29,"$1,080,000 ",$0 
Sheldon Day,IDL,Vikings,,UFA,11.10%,30,"$1,080,000 ",$0 
Alex Erickson,WR,Chargers,,UFA,28.40%,32,"$1,080,000 ",$0 
Tae Davis,LB,Panthers,,UFA,0.10%,28,"$1,080,000 ",$0 
Kyle Peko,IDL,Titans,,UFA,29.70%,31,"$1,080,000 ",$0 
Byron Pringle,WR,Commanders,,UFA,16.30%,31,"$1,080,000 ",$0 
Ty Summers,LB,Saints,,UFA,0.00%,29,"$1,080,000 ",$0 
Lil'Jordan Humphrey,WR,Broncos,,UFA,39.90%,26,"$1,080,000 ",$0 
Ben Niemann,LB,Broncos,,UFA,0.00%,29,"$1,080,000 ",$0 
Tanner Hudson,TE,Bengals,,UFA,25.40%,30,"$1,080,000 ",$0 
Duke Shelley,CB,Rams,,UFA,6.70%,28,"$1,080,000 ",$0 
Trent Sieg,LS,Cowboys,,UFA,30.70%,29,"$1,080,000 ",$0 
Jakob Johnson,FB,Raiders,,UFA,17.80%,30,"$1,080,000 ",$0 
Justin McCray,LG,Panthers,,UFA,6.70%,32,"$1,080,000 ",$0 
Ty Johnson,RB,Bills,,UFA,7.80%,27,"$1,080,000 ",$0 
Kris Boyd,CB,Texans,,UFA,0.30%,28,"$1,080,000 ",$0 
Troy Reeder,LB,Rams,,UFA,16.90%,30,"$1,080,000 ",$0 
Abdullah Anderson,IDL,Commanders,,UFA,9.90%,28,"$1,080,000 ",$0 
Dalvin Cook,RB,Ravens,,UFA,18.30%,29,"$1,080,000 ",$0 
Nick Vannett,TE,Chargers,,UFA,10.80%,31,"$1,080,000 ",$0 
Brett Rypien,QB,Jets,,UFA,6.80%,28,"$1,080,000 ",$0 
Sam Eguavoen,LB,Jets,,UFA,1.20%,31,"$1,080,000 ",$0 
Cam Gill,LB,Buccaneers,,UFA,5.50%,27,"$1,065,000 ","$125,000 "
Rico Dowdle,RB,Cowboys,,UFA,20.90%,26,"$1,040,000 ","$100,000 "
Mitchell Wilcox,TE,Bengals,,UFA,21.10%,28,"$1,040,000 ","$25,000 "
Krys Barnes,LB,Cardinals,,UFA,36.80%,26,"$1,035,000 ","$25,000 "
J.C. Hassenauer,C,Giants,,UFA,0.00%,29,"$1,035,000 ","$200,000 "
Akeem Davis-Gaither,LB,Bengals,,UFA,9.00%,27,"$1,028,127 ","$817,508 "
Roderick Johnson,LT,Eagles,,UFA,0.00%,29,"$1,025,400 ","$15,400 "
Saahdiq Charles,LG,Commanders,,UFA,57.40%,25,"$1,023,592 ","$799,368 "
Joshua Kelley,RB,Chargers,,UFA,33.90%,27,"$1,018,836 ","$780,344 "
Leki Fotu,IDL,Cardinals,,UFA,23.10%,26,"$1,017,118 ","$773,472 "
D.J. Wonnum,EDGE,Vikings,,UFA,73.20%,27,"$1,011,445 ","$750,780 "
Braden Mann,P,Eagles,,UFA,25.20%,27,"$1,010,000 ",$0 
James Proche,WR,Browns,,UFA,4.80%,28,"$1,010,000 ",$0 
Jonathan Ward,RB,Titans,,UFA,1.00%,27,"$1,010,000 ",$0 
Hakeem Adeniji,LT,Vikings,,UFA,0.00%,27,"$1,010,000 ",$0 
Tyler Hall,CB,Raiders,,RFA,13.90%,26,"$1,010,000 ",$0 
Tanner Muse,S,Chargers,,UFA,0.00%,28,"$1,010,000 ",$0 
Essang Bassey,CB,Chargers,,UFA,30.90%,26,"$1,010,000 ",$0 
Grayland Arnold,S,Texans,,RFA,12.50%,27,"$1,010,000 ",$0 
Joe Gaziano,IDL,Falcons,,UFA,4.20%,28,"$1,010,000 ",$0 
Kindle Vildor,CB,Lions,,UFA,19.10%,27,"$1,010,000 ",$0 
Tyler Johnson,WR,Rams,,RFA,3.10%,26,"$1,010,000 ",$0 
Bryce Hall,CB,Jets,,UFA,12.10%,27,"$1,010,000 ",$0 
Jaylinn Hawkins,S,Chargers,,UFA,11.90%,27,"$1,010,000 ",$0 
Mykal Walker,LB,Steelers,,UFA,26.00%,27,"$1,010,000 ",$0 
Kristian Welch,LB,Packers,,UFA,0.00%,26,"$1,010,000 ",$0 
Terrell Burgess,S,Commanders,,UFA,10.30%,26,"$1,010,000 ",$0 
Tyre Phillips,LG,Giants,,UFA,50.10%,27,"$1,010,000 ",$0 
Javelin Guidry,WR,Jets,,RFA,0.00%,26,"$1,010,000 ",$0 
Bobby Price,CB,Cardinals,,UFA,0.00%,26,"$1,010,000 ",$0 
Darnay Holmes,CB,Giants,,UFA,10.90%,26,"$1,010,000 ",$0 
John Simpson,LG,Ravens,,UFA,99.40%,27,"$1,010,000 ",$0 
Sean McKeon,TE,Cowboys,,UFA,8.40%,27,"$1,010,000 ",$0 
Michael Dunn,LG,Browns,,UFA,20.00%,30,"$1,010,000 ",$0 
Kyle Phillips,EDGE,Saints,,UFA,5.10%,27,"$1,010,000 ",$0 
Johnathan Abram,S,Saints,,UFA,18.80%,28,"$1,010,000 ",$0 
Godwin Igwebuike,S,Steelers,,RFA,0.00%,30,"$1,010,000 ",$0 
Darius Harris,LB,Chiefs,,UFA,0.00%,28,"$1,010,000 ",$0 
Curtis Bolton,LB,Raiders,,UFA,1.30%,29,"$1,010,000 ",$0 
Keith Kirkwood,WR,Saints,,UFA,20.40%,31,"$1,010,000 ",$0 
Kevin Rader,TE,Titans,,UFA,13.90%,29,"$1,010,000 ",$0 
Steven Sims,WR,Texans,,RFA,0.90%,27,"$1,010,000 ",$0 
Dee Delaney,CB,Buccaneers,,RFA,39.90%,29,"$1,010,000 ",$0 
John Wolford,QB,Buccaneers,,UFA,0.00%,29,"$1,010,000 ",$0 
Sam Mustipher,C,Ravens,,UFA,17.90%,28,"$1,010,000 ",$0 
Ross Blacklock,IDL,Titans,,RFA,4.90%,26,"$1,010,000 ",$0 
Cameron Tom,C,Chargers,,UFA,0.00%,29,"$1,010,000 ",$0 
Dan Skipper,LT,Lions,,UFA,8.60%,30,"$1,010,000 ",$0 
Storm Norton,RT,Falcons,,UFA,25.10%,30,"$1,010,000 ",$0 
Calvin Munson,LB,Dolphins,,UFA,2.10%,30,"$1,010,000 ",$0 
Phillip Walker,QB,Browns,,UFA,19.60%,29,"$1,010,000 ",$0 
Charlie Heck,RT,Texans,,UFA,21.70%,28,"$1,001,426 ","$710,704 "
K'Von Wallace,S,Titans,,UFA,64.20%,27,"$1,000,278 ","$706,112 "
James Lynch,IDL,Vikings,,UFA,0.00%,25,"$996,498 ","$690,992 "
Troy Dye,LB,Vikings,,UFA,9.90%,28,"$993,393 ","$678,572 "
Colby Parkinson,TE,Seahawks,,UFA,47.40%,25,"$991,360 ","$670,440 "
Brycen Hopkins,TE,Rams,,UFA,7.60%,27,"$987,033 ","$653,132 "
Larrell Murchison,EDGE,Rams,,UFA,22.20%,27,"$952,500 ",$0 
Elijah Riley,S,Steelers,,UFA,4.40%,26,"$952,500 ",$0 
Jonathan Harris,IDL,Broncos,,RFA,46.80%,28,"$952,500 ",$0 
Logan Woodside,QB,Falcons,,UFA,0.90%,29,"$952,500 ",$0 
Blake Hance,RT,Jaguars,,RFA,13.00%,28,"$950,000 ","$10,000 "
Jack Driscoll,RT,Eagles,,UFA,15.00%,27,"$947,350 ","$494,400 "
Ben Bredeson,LG,Giants,,UFA,91.80%,26,"$947,350 ","$494,400 "
Shaquille Quarterman,LB,Jaguars,,UFA,0.70%,27,"$947,350 ","$494,400 "
Justin Skule,LT,Buccaneers,,UFA,1.70%,28,"$940,000 ",$0 
Terez Hall,LB,Patriots,,RFA,0.00%,28,"$940,000 ",$0 
Shemar Jean-Charles,CB,Saints,,RFA,0.90%,26,"$940,000 ",$0 
Khyiris Tonga,IDL,Vikings,,RFA,16.60%,28,"$940,000 ",$0 
Ihmir Smith-Marsette,WR,Panthers,,RFA,10.70%,25,"$940,000 ",$0 
Calvin Throckmorton,RG,Titans,,UFA,49.60%,28,"$940,000 ",$0 
Henry Black,S,Colts,,ERFA,0.00%,27,"$940,000 ",$0 
De'Jon Harris,LB,Commanders,,RFA,0.30%,27,"$940,000 ",$0 
Benito Jones,IDL,Lions,,RFA,51.70%,27,"$940,000 ",$0 
Christian Kuntz,LS,Steelers,,RFA,0.00%,30,"$940,000 ",$0 
Scott Daly,LS,Lions,,RFA,13.20%,30,"$940,000 ",$0 
Wyatt Davis,LG,Giants,,RFA,0.00%,25,"$940,000 ",$0 
Lawrence Cager,WR,Giants,,RFA,9.10%,27,"$940,000 ",$0 
Trey Sermon,RB,Colts,,RFA,10.30%,25,"$940,000 ",$0 
Patrick Taylor,RB,Packers,,RFA,20.60%,26,"$940,000 ",$0 
Christian Rozeboom,LB,Rams,,RFA,44.90%,27,"$940,000 ",$0 
Jabril Cox,LB,Commanders,,RFA,0.10%,26,"$940,000 ",$0 
Giovanni Ricci,FB,Panthers,,RFA,1.00%,28,"$940,000 ",$0 
Robert Rochell,CB,Packers,,RFA,0.00%,26,"$940,000 ",$0 
Blake Lynch,LB,Chargers,,RFA,0.00%,27,"$940,000 ",$0 
Chapelle Russell,LB,Steelers,,RFA,0.00%,27,"$940,000 ",$0 
Keelan Doss,WR,Chargers,,ERFA,8.50%,28,"$940,000 ",$0 
Albert Huggins,IDL,Falcons,,UFA,26.60%,27,"$940,000 ",$0 
Andrew Dowell,LB,Saints,,UFA,0.00%,28,"$940,000 ",$0 
Ethan Greenidge,LT,Falcons,,UFA,0.00%,27,"$940,000 ",$0 
Anthony Pittman,LB,Lions,,RFA,0.40%,28,"$940,000 ",$0 
Keith Ismael,C,Cardinals,,RFA,0.00%,26,"$940,000 ",$0 
Austin Walter,RB,Raiders,,RFA,0.00%,28,"$940,000 ",$0 
Jake Curhan,RT,Seahawks,,RFA,28.40%,26,"$940,000 ",$0 
Jody Fortson,TE,Chiefs,,RFA,0.00%,29,"$940,000 ",$0 
Khalil Davis,IDL,Texans,,RFA,33.70%,28,"$940,000 ",$0 
Adam Prentice,FB,Saints,,RFA,10.80%,27,"$940,000 ",$0 
Marlon Davidson,IDL,Titans,,ERFA,14.20%,26,"$940,000 ",$0 
Jacob Eason,QB,Giants,,ERFA,0.00%,27,"$940,000 ",$0 
Blake Gillikin,P,Cardinals,,UFA,18.50%,26,"$940,000 ",$0 
Jake Hanson,C,Jets,,RFA,22.30%,27,"$940,000 ",$0 
Ben Bartch,LG,49ers,,UFA,20.90%,26,"$940,000 ",$0 
Bradlee Anae,EDGE,Jets,,RFA,0.00%,26,"$917,500 ",$0 
Danny Pinter,RG,Colts,,UFA,0.00%,28,"$910,924 ","$348,696 "
Shane Lemieux,LG,Giants,,UFA,8.20%,27,"$910,535 ","$347,140 "
Kenny Yeboah,TE,Jets,,RFA,11.20%,26,"$907,500 ","$50,000 "
Maalik Hall,LB,Jets,,SFA,0.00%,25,"$900,833 ","$57,500 "
A.J. Uzodinma,CB,Chargers,,SFA,0.00%,24,"$899,000 ","$2,000 "
K.J. Osborn,WR,Vikings,,UFA,73.20%,27,"$890,693 ","$267,772 "
Pressley Harvin,P,Steelers,,SFA,29.70%,26,"$890,183 ","$80,732 "
Mike Danna,EDGE,Chiefs,,UFA,68.50%,27,"$889,665 ","$263,660 "
Justin Strnad,LB,Broncos,,UFA,0.00%,28,"$883,194 ","$237,776 "
Jonah Williams,IDL,Rams,,RFA,52.70%,29,"$882,500 ",$0 
Trenton Irwin,WR,Bengals,,UFA,39.40%,29,"$882,500 ",$0 
Ar'Darius Washington,S,Ravens,,ERFA,9.70%,25,"$882,500 ",$0 
Cam Brown,LB,Giants,,UFA,0.00%,26,"$873,341 ","$198,364 "
Donovan Peoples-Jones,WR,Lions,,UFA,41.50%,25,"$870,402 ","$186,608 "
Chase Lucas,CB,Lions,,ERFA,0.00%,27,"$870,000 ",$0 
Austin Trammell,WR,Rams,,ERFA,6.30%,26,"$870,000 ",$0 
Lynn Bowden,WR,Saints,,RFA,28.20%,27,"$870,000 ",$0 
Renell Wren,IDL,Steelers,,RFA,0.00%,29,"$870,000 ",$0 
Brandon Dillon,TE,Commanders,,ERFA,0.00%,27,"$870,000 ",$0 
Jonathan Ledbetter,IDL,Cardinals,,RFA,46.20%,27,"$870,000 ",$0 
Joe Reed,WR,Bears,,ERFA,0.00%,26,"$870,000 ",$0 
Zack Bailey,LG,Chargers,,ERFA,0.00%,29,"$870,000 ",$0 
Khalil Dorsey,CB,Lions,,RFA,7.30%,26,"$870,000 ",$0 
Derrick Gore,RB,Commanders,,RFA,2.10%,30,"$870,000 ",$0 
Isaiah Hodgins,WR,Giants,,RFA,46.30%,26,"$870,000 ",$0 
Shaun Bradley,LB,Eagles,,UFA,0.00%,27,"$866,605 ","$171,420 "
Jordan Fuller,S,Rams,,UFA,93.40%,26,"$866,427 ","$170,708 "
Quez Watkins,WR,Eagles,,UFA,26.50%,26,"$866,165 ","$169,660 "
Curtis Hodges,TE,Commanders,,SFA,0.00%,25,"$861,667 ","$125,000 "
Andrew Trainer,RT,Chargers,,SFA,0.00%,27,"$856,667 ","$10,000 "
William Kwenkeu,LB,Vikings,,SFA,0.00%,27,"$853,333 ",$0 
Markus Bailey,LB,Bengals,,UFA,2.60%,27,"$852,174 ","$113,696 "
Kamren Curl,S,Commanders,,UFA,93.30%,25,"$852,082 ","$113,328 "
Carter Coughlin,LB,Giants,,UFA,0.20%,27,"$851,286 ","$110,144 "
Eno Benjamin,RB,Saints,,UFA,0.00%,25,"$849,429 ","$102,716 "
Chris Claybrooks,CB,Jaguars,,RFA,0.00%,27,"$849,347 ","$102,388 "
James Smith-Williams,EDGE,Commanders,,UFA,35.80%,27,"$848,175 ","$97,700 "
Casey Toohill,EDGE,Commanders,,UFA,42.40%,28,"$846,758 ","$92,032 "
Tremayne Anchrum,RT,Rams,,UFA,4.60%,26,"$842,623 ","$75,492 "
Kyler McMichael,CB,Cardinals,,SFA,0.00%,24,"$837,000 ","$9,000 "
Robert Jones,RG,Dolphins,,RFA,38.10%,25,"$818,333 ","$130,000 "
Jack Stoll,TE,Eagles,,RFA,38.20%,26,"$815,833 ","$122,500 "
Feleipe Franks,QB,Falcons,,RFA,0.00%,27,"$813,333 ","$100,000 "
Amen Ogbongbemiga,LB,Chargers,,RFA,0.40%,26,"$813,333 ","$30,000 "
Caleb Johnson,LB,Jaguars,,RFA,0.00%,26,"$810,667 ","$7,000 "
Jerry Jacobs,CB,Lions,,RFA,67.90%,27,"$809,500 ","$3,500 "
David Bada,IDL,Commanders,,ERFA,0.00%,29,"$787,500 ",$0 
Raheem Layne,S,Chargers,,ERFA,6.60%,25,"$787,500 ",$0 
Julius Chestnut,RB,Titans,,ERFA,0.70%,24,"$787,500 ",$0 
P.J. Mustipher,IDL,Saints,,ERFA,3.80%,25,"$750,000 ",$0 
D.J. Scaife Jr.,RT,Texans,,ERFA,0.00%,24,"$750,000 ",$0 
Jaylon Moore,WR,Jaguars,,ERFA,0.00%,27,"$750,000 ",$0 
T.J. Smith,IDL,Vikings,,ERFA,3.90%,27,"$750,000 ",$0 
Tre Nixon,WR,Patriots,,ERFA,0.00%,26,"$750,000 ",$0 
Curtis Brooks,IDL,Commanders,,ERFA,0.00%,26,"$750,000 ",$0 
Ty Nsekhe,LT,Browns,,SFA,0.10%,39,"$438,444 ",$0 
Al-Quadin Muhammad,EDGE,Colts,,SFA,0.00%,29,"$370,800 ",$0 
Alexander Johnson,LB,Dolphins,,SFA,0.00%,33,"$370,800 ",$0 
Kevon Seymour,CB,Ravens,,SFA,1.10%,31,"$370,800 ",$0 
Ryan Connelly,LB,Saints,,SFA,0.10%,29,"$357,500 ",$0 
Derek Rivers,EDGE,Colts,,SFA,0.00%,30,"$289,800 ",$0 
Henry Mondeaux,IDL,Jaguars,,SFA,0.00%,29,"$289,800 ",$0 
Devon Allen,WR,Eagles,,SFA,0.00%,30,"$275,334 ",$0 
Mohamed Ibrahim,RB,Lions,,SFA,0.00%,26,"$216,000 ",$0 
Derek Wright,WR,Panthers,,SFA,0.00%,26,"$216,000 ",$0 
Hayden Howerton,RG,Cardinals,,SFA,0.00%,25,"$216,000 ",$0 
Isaac Taylor-Stuart,CB,Colts,,SFA,0.00%,25,"$216,000 ",$0 
Cade York,K,Giants,,SFA,0.00%,23,"$216,000 ",$0 
Perrion Winfrey,IDL,Jets,,SFA,1.10%,24,"$216,000 ",$0 