athlete_id,first_name,last_name,full_name,display_name,weight,height,position_abbreviation,experience_years,receiving_long_reception,receiving_receiving_touchdowns,receiving_receiving_yards,receiving_receptions
548696,Malik,Jackson,Malik Jackson,Malik Jackson,230,75,TE,3,5,0,12,3
4038961,Cam,McCormick,Cam McCormick,Cam McCormick,260,77,TE,4,20,0,62,8
4038961,Cam,McCormick,Cam McCormick,Cam McCormick,260,77,TE,4,20,0,62,8
4242373,Bentley,Hanshaw,Bentley Hanshaw,Bentley Hanshaw,245,76,TE,4,24,5,202,17
4250491,Jacob,Logan,Jacob Logan,Jacob Logan,240,75,TE,4,33,4,169,15
4360204,Johnny,Langan,Johnny Langan,Johnny Langan,245,75,TE,4,30,0,121,14
4360873,Chris,Carter,Chris Carter,Chris Carter,250,76,TE,3,26,2,136,12
4360967,Brevyn,Spann-Ford,Brevyn Spann-Ford,Brevyn Spann-Ford,270,79,TE,4,31,2,239,25
4360978,David,Martin-Robinson,David Martin-Robinson,David Martin-Robinson,255,76,TE,4,47,4,537,40
4360993,Jordan,Smith,Jordan Smith,Jordan Smith,230,77,TE,4,25,4,287,25
4360993,Jordan,Smith,Jordan Smith,Jordan Smith,230,77,TE,4,25,4,287,25
4361027,Thomas,Yassmin,Thomas Yassmin,Thomas Yassmin,251,77,TE,4,41,1,89,8
4361048,Pat,McSweeney,Pat McSweeney,Pat McSweeney,240,76,TE,4,25,0,186,15
4361100,Jack,Westover,Jack Westover,Jack Westover,248,75,TE,4,28,4,332,35
4361112,Devin,Culp,Devin Culp,Devin Culp,237,76,TE,4,30,2,194,15
4361112,Devin,Culp,Devin Culp,Devin Culp,237,76,TE,4,30,2,194,15
4361279,Charlie,Mangieri,Charlie Mangieri,Charlie Mangieri,255,76,TE,4,25,1,53,7
4361328,George,Takacs,George Takacs,George Takacs,255,78,TE,4,27,1,64,6
4361329,Joey,Gatewood,Joey Gatewood,Joey Gatewood,245,76,TE,4,34,3,150,9
4361329,Joey,Gatewood,Joey Gatewood,Joey Gatewood,245,76,TE,4,34,3,150,9
4361660,Trent,Pennix,Trent Pennix,Trent Pennix,235,75,TE,4,62,3,179,14
4361714,Josiah,Johnson,Josiah Johnson,Josiah Johnson,235,77,TE,4,29,1,163,21
4362110,Malcolm,Epps,Malcolm Epps,Malcolm Epps,255,78,TE,4,36,0,115,9
4362193,TJ,Banks,TJ Banks,TJ Banks,245,77,TE,4,21,1,150,19
4362217,Mike,O'Laughlin,Mike O'Laughlin,Mike O'Laughlin,250,77,TE,4,18,0,94,12
4362248,Anthony,Torres,Anthony Torres,Anthony Torres,250,78,TE,3,39,3,434,24
4362248,Anthony,Torres,Anthony Torres,Anthony Torres,250,78,TE,3,39,3,434,24
4362421,Alec,Holler,Alec Holler,Alec Holler,230,75,TE,4,38,2,225,22
4362603,Brenden,Bates,Brenden Bates,Brenden Bates,251,77,TE,5,33,0,89,4
4362623,Keaton,Upshaw,Keaton Upshaw,Keaton Upshaw,245,79,TE,4,27,2,173,16
4362738,AJ,Lewis,AJ Lewis,AJ Lewis,240,76,TE,3,27,0,50,4
4362770,Messiah,Swinson,Messiah Swinson,Messiah Swinson,260,80,TE,4,18,0,48,6
4362770,Messiah,Swinson,Messiah Swinson,Messiah Swinson,260,80,TE,4,18,0,48,6
4363059,Jay,Gibson,Jay Gibson,Jay Gibson,260,76,TE,4,23,0,81,6
4363059,Jay,Gibson,Jay Gibson,Jay Gibson,260,76,TE,4,23,0,81,6
4363129,Pearse,Migl,Pearse Migl,Pearse Migl,227,72,TE,4,24,0,54,6
4364487,Ryan,Rivera,Ryan Rivera,Ryan Rivera,234,75,TE,4,21,0,174,13
4365393,Jordan,Goco,Jordan Goco,Jordan Goco,245,78,TE,4,31,2,78,10
4365630,Derryk,Snell,Derryk Snell,Derryk Snell,238,74,TE,4,40,3,159,12
4365637,Treyton,Pickering,Treyton Pickering,Treyton Pickering,246,76,TE,4,45,2,303,15
4365660,Gino,Campiotti,Gino Campiotti,Gino Campiotti,225,74,TE,4,30,4,289,21
4366210,Hayden,Meacham,Hayden Meacham,Hayden Meacham,245,77,TE,4,26,2,181,18
4366296,Justin,Marcus,Justin Marcus,Justin Marcus,245,77,TE,4,6,0,14,4
4366728,Ian,Renninger,Ian Renninger,Ian Renninger,254,77,TE,4,30,2,151,15
4366762,Braden,Brose,Braden Brose,Braden Brose,245,75,TE,4,39,5,364,27
4366910,Shawn,Bowman,Shawn Bowman,Shawn Bowman,265,77,TE,4,9,0,24,4
4366984,Kyle,Lepkowski,Kyle Lepkowski,Kyle Lepkowski,256,76,TE,4,56,3,492,39
4367207,Matt,Alaimo,Matt Alaimo,Matt Alaimo,250,77,TE,4,12,0,53,9
4367207,Matt,Alaimo,Matt Alaimo,Matt Alaimo,250,77,TE,4,12,0,53,9
4367830,Kyle,Klink,Kyle Klink,Kyle Klink,245,76,TE,4,11,0,56,10
4367906,Liam,McHale,Liam McHale,Liam McHale,245,78,TE,4,22,0,60,5
4367924,Jax,Sherrard,Jax Sherrard,Jax Sherrard,255,77,TE,4,44,1,147,12
4368000,Caden,Dumas,Caden Dumas,Caden Dumas,250,77,TE,4,8,0,21,3
4368000,Caden,Dumas,Caden Dumas,Caden Dumas,250,77,TE,4,8,0,21,3
4368096,Nathan,Bax,Nathan Bax,Nathan Bax,250,76,TE,4,11,0,31,5
4368315,Zach,Heins,Zach Heins,Zach Heins,260,79,TE,4,31,5,319,21
4368424,Jake,Benio,Jake Benio,Jake Benio,255,75,TE,4,22,1,97,14
4368483,Nolan,Quinlan,Nolan Quinlan,Nolan Quinlan,240,77,TE,4,41,1,207,17
4368483,Nolan,Quinlan,Nolan Quinlan,Nolan Quinlan,240,77,TE,4,41,1,207,17
4369864,Jacob,Warren,Jacob Warren,Jacob Warren,253,78,TE,4,34,4,182,15
4369991,Steven,Stilianos,Steven Stilianos,Steven Stilianos,255,77,TE,4,37,0,92,7
4370472,Chris,Mottillo,Chris Mottillo,Chris Mottillo,255,77,TE,4,20,0,56,5
4370803,Grant,Misch,Grant Misch,Grant Misch,240,77,TE,4,5,0,13,3
4370803,Grant,Misch,Grant Misch,Grant Misch,240,77,TE,4,5,0,13,3
4371105,Jadd,Dolegala,Jadd Dolegala,Jadd Dolegala,230,74,TE,4,27,1,94,10
4371395,Austin,Eldridge,Austin Eldridge,Austin Eldridge,245,75,TE,4,8,0,24,7
4371969,Turon,Ivy Jr.,Turon Ivy Jr.,Turon Ivy Jr.,240,77,TE,4,75,2,276,15
4372545,Max,Wright,Max Wright,Max Wright,260,76,TE,4,51,1,185,15
4372573,Jaylan,Franklin,Jaylan Franklin,Jaylan Franklin,240,77,TE,4,46,0,70,5
4372741,McCallan,Castles,McCallan Castles,McCallan Castles,252,77,TE,4,43,4,265,21
4373566,Miller,Gibbs,Miller Gibbs,Miller Gibbs,245,76,TE,4,26,0,74,6
4373634,Dallin,Holker,Dallin Holker,Dallin Holker,235,77,TE,3,42,6,767,64
4373682,Riley,Smith,Riley Smith,Riley Smith,236,77,TE,4,32,1,118,10
4373687,Tyneil,Hopper,Tyneil Hopper,Tyneil Hopper,245,75,TE,4,13,1,24,2
4373746,Cameron,Johnson,Cameron Johnson,Cameron Johnson,238,76,TE,4,15,0,53,6
4374184,Shelton,Zeon III,Shelton Zeon III,Shelton Zeon III,250,76,TE,4,12,0,44,5
4374507,Cole,Cavallo,Cole Cavallo,Cole Cavallo,232,74,TE,4,17,0,96,9
4376298,Jack,Whyte,Jack Whyte,Jack Whyte,235,74,TE,4,15,0,47,5
4379394,Matthew,Brown,Matthew Brown,Matthew Brown,235,74,TE,4,4,0,7,2
4379394,Matthew,Brown,Matthew Brown,Matthew Brown,235,74,TE,4,4,0,7,2
4382479,Trenton,Gillison,Trenton Gillison,Trenton Gillison,245,77,TE,4,20,0,123,13
4382482,Parks,Gissinger,Parks Gissinger,Parks Gissinger,240,76,TE,4,7,0,9,3
4384171,Tanner,McLachlan,Tanner McLachlan,Tanner McLachlan,245,77,TE,4,36,4,500,42
4384259,Marshel,Martin,Marshel Martin,Marshel Martin,210,74,TE,4,39,2,315,36
4384593,Alex,Allen,Alex Allen,Alex Allen,253,78,TE,4,32,1,148,13
4384593,Alex,Allen,Alex Allen,Alex Allen,253,78,TE,4,32,1,148,13
4384593,Alex,Allen,Alex Allen,Alex Allen,253,78,TE,4,32,1,148,13
4401904,Ajay,Belanger,Ajay Belanger,Ajay Belanger,245,75,TE,4,31,4,190,17
4402090,Riley,Sharp,Riley Sharp,Riley Sharp,248,78,TE,4,28,2,96,6
4426364,Baylor,Cupp,Baylor Cupp,Baylor Cupp,260,78,TE,4,19,2,114,11
4426367,Austin,Stogner,Austin Stogner,Austin Stogner,255,78,TE,4,35,1,196,17
4426460,Jackson,Lowe,Jackson Lowe,Jackson Lowe,237,77,TE,3,7,0,16,3
4426496,Cade,Stover,Cade Stover,Cade Stover,251,76,TE,4,49,5,576,41
4426496,Cade,Stover,Cade Stover,Cade Stover,251,76,TE,4,49,5,576,41
4426496,Cade,Stover,Cade Stover,Cade Stover,251,76,TE,4,49,5,576,41
4426684,Andrew,Bench,Andrew Bench,Andrew Bench,255,77,TE,4,10,0,20,3
4426692,Luke,Benson,Luke Benson,Luke Benson,233,76,TE,4,38,0,81,8
4426741,Luke,Bolden,Luke Bolden,Luke Bolden,254,74,TE,4,40,0,60,3
4426741,Luke,Bolden,Luke Bolden,Luke Bolden,254,74,TE,4,40,0,60,3
4426857,Oscar,Cardenas,Oscar Cardenas,Oscar Cardenas,285,76,TE,4,28,2,280,32
4426874,Zion,Carter,Zion Carter,Zion Carter,265,78,TE,4,15,0,33,4
4426874,Zion,Carter,Zion Carter,Zion Carter,265,78,TE,4,15,0,33,4
4426874,Zion,Carter,Zion Carter,Zion Carter,265,78,TE,4,15,0,33,4
4427052,Easton,Dean,Easton Dean,Easton Dean,265,78,TE,4,66,2,156,15
4427052,Easton,Dean,Easton Dean,Easton Dean,265,78,TE,4,66,2,156,15
4427052,Easton,Dean,Easton Dean,Easton Dean,265,78,TE,4,66,2,156,15
4427164,Mason,Fairchild,Mason Fairchild,Mason Fairchild,260,76,TE,4,59,3,422,25
4427431,Cooper,Heisey,Cooper Heisey,Cooper Heisey,250,76,TE,4,36,3,187,22
4427436,Kyle,Helbig,Kyle Helbig,Kyle Helbig,250,75,TE,3,38,2,85,11
4427667,Hayden,Junker,Hayden Junker,Hayden Junker,245,75,TE,4,21,1,37,3
4427694,Casey,Kelly,Casey Kelly,Casey Kelly,245,75,TE,3,19,2,43,5
4427779,Jaelyn,Lay,Jaelyn Lay,Jaelyn Lay,260,79,TE,3,12,0,19,2
4427834,Erick,All,Erick All,Erick All,250,77,TE,4,34,3,299,21
4427836,Skylar,Loving-Black,Skylar Loving-Black,Skylar Loving-Black,244,75,TE,4,29,0,41,4
4427934,Dominick,Mazotti,Dominick Mazotti,Dominick Mazotti,252,76,TE,3,44,2,322,23
4427960,Terrell,McDonald,Terrell McDonald,Terrell McDonald,235,74,TE,4,26,0,73,7
4427981,Jayce,Medlock,Jayce Medlock,Jayce Medlock,217,75,TE,2,11,0,20,4
4428035,Elijah,Mojarro,Elijah Mojarro,Elijah Mojarro,239,76,TE,4,14,0,17,2
4428050,Kamari,Morales,Kamari Morales,Kamari Morales,245,74,TE,4,55,0,158,11
4428057,Sean,Morris,Sean Morris,Sean Morris,250,76,TE,4,23,0,25,2
4428090,Bradley,Archer,Bradley Archer,Bradley Archer,245,75,TE,4,24,0,79,6
4428154,Nik,Ognenovic,Nik Ognenovic,Nik Ognenovic,255,77,TE,3,18,0,23,2
4428216,Alec,Pell,Alec Pell,Alec Pell,235,76,TE,3,17,1,61,10
4428216,Alec,Pell,Alec Pell,Alec Pell,235,76,TE,3,17,1,61,10
4428396,Hayden,Rucci,Hayden Rucci,Hayden Rucci,253,76,TE,4,45,0,112,10
4428451,Brett,Seither,Brett Seither,Brett Seither,233,77,TE,3,35,4,101,7
4428580,Tyler,Stephens,Tyler Stephens,Tyler Stephens,243,78,TE,4,20,0,49,5
4428643,Tristen,Tewes,Tristen Tewes,Tristen Tewes,251,75,TE,3,10,0,16,2
4428885,Keshon,Williams,Keshon Williams,Keshon Williams,255,75,TE,3,18,0,66,9
4428921,Jude,Wolfe,Jude Wolfe,Jude Wolfe,240,77,TE,4,3,1,5,2
4428940,Kyi,Wright,Kyi Wright,Kyi Wright,256,75,TE,3,11,0,35,4
4428940,Kyi,Wright,Kyi Wright,Kyi Wright,256,75,TE,3,11,0,35,4
4429115,Gee,Scott Jr.,Gee Scott Jr.,Gee Scott Jr.,240,75,TE,4,14,1,62,9
4429148,Theo,Johnson,Theo Johnson,Theo Johnson,264,78,TE,3,34,6,325,32
4429148,Theo,Johnson,Theo Johnson,Theo Johnson,264,78,TE,3,34,6,325,32
4429148,Theo,Johnson,Theo Johnson,Theo Johnson,264,78,TE,3,34,6,325,32
4429262,Jaheim,Bell,Jaheim Bell,Jaheim Bell,239,75,TE,3,49,2,503,39
4429466,Drake,Dabney,Drake Dabney,Drake Dabney,248,77,TE,4,63,5,552,33
4429470,Nicky,Dalmolin,Nicky Dalmolin,Nicky Dalmolin,241,76,TE,4,21,0,148,13
4429482,Brandon,Crum,Brandon Crum,Brandon Crum,250,76,TE,4,5,1,8,2
4429553,Quan,Easterling,Quan Easterling,Quan Easterling,230,75,TE,4,18,0,64,6
4429608,Corey,Dyches,Corey Dyches,Corey Dyches,215,74,TE,3,44,2,491,49
4429632,Konner,Fox,Konner Fox,Konner Fox,250,76,TE,3,41,1,117,10
4429632,Konner,Fox,Konner Fox,Konner Fox,250,76,TE,3,41,1,117,10
4429811,Patrick,Herbert,Patrick Herbert,Patrick Herbert,255,77,TE,3,49,3,184,14
4429914,Karter,Johnson,Karter Johnson,Karter Johnson,255,74,TE,4,50,2,175,12
4429927,Neal,Johnson,Neal Johnson,Neal Johnson,250,76,TE,4,40,5,356,29
4429949,Maliq,Carr,Maliq Carr,Maliq Carr,260,77,TE,3,36,3,352,30
4430022,Anthony,Landphere,Anthony Landphere,Anthony Landphere,235,76,TE,3,21,2,242,26
4430151,Javonte,Kinsey,Javonte Kinsey,Javonte Kinsey,230,77,TE,3,31,1,88,8
4430151,Javonte,Kinsey,Javonte Kinsey,Javonte Kinsey,230,77,TE,3,31,1,88,8
4430166,Josiah,Miamen,Josiah Miamen,Josiah Miamen,245,76,TE,3,38,0,156,14
4430183,Logan,Kyle,Logan Kyle,Logan Kyle,224,75,TE,4,28,0,103,11
4430190,Griffin,Moore,Griffin Moore,Griffin Moore,250,76,TE,3,46,1,161,12
4430190,Griffin,Moore,Griffin Moore,Griffin Moore,250,76,TE,3,46,1,161,12
4430338,Jeremiah,Pruitte,Jeremiah Pruitte,Jeremiah Pruitte,230,77,TE,4,69,1,191,12
4430358,Cal,Redman,Cal Redman,Cal Redman,260,77,TE,4,51,1,210,15
4430482,Joshua,Simon,Joshua Simon,Joshua Simon,238,76,TE,4,33,2,256,28
4430482,Joshua,Simon,Joshua Simon,Joshua Simon,238,76,TE,4,33,2,256,28
4430520,Elias,Spence,Elias Spence,Elias Spence,225,76,TE,3,10,1,17,2
4430569,Jonathan,Odom,Jonathan Odom,Jonathan Odom,250,77,TE,3,23,0,75,9
4430596,KeShawn,Toney,KeShawn Toney,KeShawn Toney,237,75,TE,4,26,5,244,20
4430596,KeShawn,Toney,KeShawn Toney,KeShawn Toney,237,75,TE,4,26,5,244,20
4430684,Treyton,Welch,Treyton Welch,Treyton Welch,241,75,TE,4,32,2,286,27
4430684,Treyton,Welch,Treyton Welch,Treyton Welch,241,75,TE,4,32,2,286,27
4430723,Jared,Wiley,Jared Wiley,Jared Wiley,260,79,TE,4,81,8,520,47
4430723,Jared,Wiley,Jared Wiley,Jared Wiley,260,79,TE,4,81,8,520,47
4430723,Jared,Wiley,Jared Wiley,Jared Wiley,260,79,TE,4,81,8,520,47
4430723,Jared,Wiley,Jared Wiley,Jared Wiley,260,79,TE,4,81,8,520,47
4431045,John,Copenhaver,John Copenhaver,John Copenhaver,240,75,TE,3,40,4,279,18
4431051,Izayah,Cummings,Izayah Cummings,Izayah Cummings,232,75,TE,4,55,0,98,4
4431081,Sage,Ennis,Sage Ennis,Sage Ennis,240,76,TE,3,28,0,52,3
4431134,Eli,Wilson,Eli Wilson,Eli Wilson,240,75,TE,3,32,5,334,32
4431196,Jake,Briningstool,Jake Briningstool,Jake Briningstool,230,78,TE,3,50,5,407,41
4431196,Jake,Briningstool,Jake Briningstool,Jake Briningstool,230,78,TE,3,50,5,407,41
4431241,Duane,Martin,Duane Martin,Duane Martin,260,74,TE,3,19,0,27,2
4431241,Duane,Martin,Duane Martin,Duane Martin,260,74,TE,3,19,0,27,2
4431241,Duane,Martin,Duane Martin,Duane Martin,260,74,TE,3,19,0,27,2
4431346,Mark,Redman,Mark Redman,Mark Redman,255,78,TE,4,29,3,408,38
4431368,Tyler,Savage,Tyler Savage,Tyler Savage,234,76,TE,3,9,0,31,6
4431368,Tyler,Savage,Tyler Savage,Tyler Savage,234,76,TE,3,9,0,31,6
4431459,Tyler,Warren,Tyler Warren,Tyler Warren,259,78,TE,3,23,7,295,29
4431461,Chamon,Metayer,Chamon Metayer,Chamon Metayer,248,77,TE,2,35,5,258,23
4431588,Ja'Tavion,Sanders,Ja'Tavion Sanders,Ja'Tavion Sanders,243,76,TE,3,50,2,607,39
4431588,Ja'Tavion,Sanders,Ja'Tavion Sanders,Ja'Tavion Sanders,243,76,TE,3,50,2,607,39
4432214,Charlie,Gordinier,Charlie Gordinier,Charlie Gordinier,246,77,TE,3,30,0,44,2
4432214,Charlie,Gordinier,Charlie Gordinier,Charlie Gordinier,246,77,TE,3,30,0,44,2
4432275,Jacob,Hopper,Jacob Hopper,Jacob Hopper,248,78,TE,3,14,1,31,3
4432326,Trevor,Kardell,Trevor Kardell,Trevor Kardell,255,77,TE,3,20,1,69,5
4432327,Kendall,Karr,Kendall Karr,Kendall Karr,245,75,TE,3,32,4,232,21
4432338,Luke,Lachey,Luke Lachey,Luke Lachey,253,78,TE,3,35,0,131,10
4432439,Nate,Muersch,Nate Muersch,Nate Muersch,230,77,TE,3,5,1,10,3
4432531,Jake,Roberts,Jake Roberts,Jake Roberts,250,77,TE,3,37,1,231,23
4432531,Jake,Roberts,Jake Roberts,Jake Roberts,250,77,TE,3,37,1,231,23
4432665,Brock,Bowers,Brock Bowers,Brock Bowers,240,76,TE,3,49,6,714,56
4432666,Kahlil,Brantley,Kahlil Brantley,Kahlil Brantley,225,74,TE,2,14,1,35,5
4432706,Antonio,Harmon,Antonio Harmon,Antonio Harmon,215,75,TE,2,21,1,98,14
4432731,Moliki,Matavao,Moliki Matavao,Moliki Matavao,263,78,TE,2,35,2,266,12
4432772,Jermaine,Terry II,Jermaine Terry II,Jermaine Terry II,251,76,TE,3,40,1,45,4
4433825,Levi,Gazarek,Levi Gazarek,Levi Gazarek,250,77,TE,3,15,0,35,6
4433841,Ryan,Lezon,Ryan Lezon,Ryan Lezon,225,74,RB,4,29,4,190,18
4433841,Ryan,Lezon,Ryan Lezon,Ryan Lezon,225,74,RB,4,29,4,190,18
4433841,Ryan,Lezon,Ryan Lezon,Ryan Lezon,225,74,RB,4,29,4,190,18
4433921,Kole,Taylor,Kole Taylor,Kole Taylor,250,79,TE,3,43,4,411,33
4433921,Kole,Taylor,Kole Taylor,Kole Taylor,250,79,TE,3,43,4,411,33
4433959,Benjamin,Yurosek,Benjamin Yurosek,Benjamin Yurosek,242,76,TE,4,32,1,239,16
4565183,Will,Swanson,Will Swanson,Will Swanson,250,77,TE,3,21,1,66,5
4565211,Dan,Dishman,Dan Dishman,Dan Dishman,245,77,TE,3,17,0,30,3
4565211,Dan,Dishman,Dan Dishman,Dan Dishman,245,77,TE,3,17,0,30,3
4565360,Joshua,Rawlings,Joshua Rawlings,Joshua Rawlings,263,78,TE,4,9,1,10,2
4565491,Jere,Getzinger,Jere Getzinger,Jere Getzinger,248,75,TE,4,10,1,79,15
4565555,Kaleo,Ballungay,Kaleo Ballungay,Kaleo Ballungay,260,78,TE,3,84,2,297,16
4565878,James,Bomba,James Bomba,James Bomba,250,78,TE,2,15,1,53,6
4566195,Marshall,Lang,Marshall Lang,Marshall Lang,245,76,TE,4,23,0,77,8
4566198,Lake,McRee,Lake McRee,Lake McRee,245,76,TE,2,31,1,262,26
4566198,Lake,McRee,Lake McRee,Lake McRee,245,76,TE,2,31,1,262,26
4566198,Lake,McRee,Lake McRee,Lake McRee,245,76,TE,2,31,1,262,26
4566198,Lake,McRee,Lake McRee,Lake McRee,245,76,TE,2,31,1,262,26
4566912,Jay,Rudolph,Jay Rudolph,Jay Rudolph,245,76,TE,4,14,0,27,4
4567040,Cameron,Hite,Cameron Hite,Cameron Hite,243,75,TE,3,69,2,160,13
4567151,Trey,Knox,Trey Knox,Trey Knox,237,77,TE,4,22,2,312,37
4567234,Tyler,Fromm,Tyler Fromm,Tyler Fromm,241,77,TE,4,9,0,21,3
4567234,Tyler,Fromm,Tyler Fromm,Tyler Fromm,241,77,TE,4,9,0,21,3
4567543,Justin,Ball,Justin Ball,Justin Ball,247,78,TE,4,27,1,131,15
4567804,Hudson,Wolfe,Hudson Wolfe,Hudson Wolfe,230,79,TE,2,18,0,36,2
4567804,Hudson,Wolfe,Hudson Wolfe,Hudson Wolfe,230,79,TE,2,18,0,36,2
4567804,Hudson,Wolfe,Hudson Wolfe,Hudson Wolfe,230,79,TE,2,18,0,36,2
4568425,Beau,Johnson,Beau Johnson,Beau Johnson,225,73,TE,4,16,0,25,3
4568425,Beau,Johnson,Beau Johnson,Beau Johnson,225,73,TE,4,16,0,25,3
4568649,Ethan,Hall,Ethan Hall,Ethan Hall,240,75,TE,4,21,0,37,7
4569094,Jackson,McDonald,Jackson McDonald,Jackson McDonald,220,77,TE,3,23,0,116,11
4569423,Hudson,Habermehl,Hudson Habermehl,Hudson Habermehl,250,79,TE,4,45,2,142,7
4569508,Evan,Morris,Evan Morris,Evan Morris,245,77,TE,4,4,0,8,4
4569547,Nick,Kallerup,Nick Kallerup,Nick Kallerup,270,77,TE,4,5,0,12,3
4569557,Miki,Suguturaga,Miki Suguturaga,Miki Suguturaga,256,76,TE,3,17,1,42,4
4569557,Miki,Suguturaga,Miki Suguturaga,Miki Suguturaga,256,76,TE,3,17,1,42,4
4569615,Thomas,Gordon,Thomas Gordon,Thomas Gordon,245,77,TE,4,18,1,109,12
4569653,Shane,Calhoun,Shane Calhoun,Shane Calhoun,242,75,TE,3,17,2,119,15
4569727,Louis,Hansen,Louis Hansen,Louis Hansen,238,75,TE,2,18,0,33,2
4569951,Isaac,Rex,Isaac Rex,Isaac Rex,255,78,TE,3,65,3,422,34
4570037,Terrance,Ferguson,Terrance Ferguson,Terrance Ferguson,255,77,TE,3,33,5,396,40
4570037,Terrance,Ferguson,Terrance Ferguson,Terrance Ferguson,255,77,TE,3,33,5,396,40
4570200,Jack,Bradley,Jack Bradley,Jack Bradley,256,77,TE,4,41,1,94,8
4570286,Tyler,Foster,Tyler Foster,Tyler Foster,249,79,TE,4,50,0,202,19
4570315,Dalton,Andrews,Dalton Andrews,Dalton Andrews,255,74,TE,3,10,2,26,4
4570417,Garrett,Miller,Garrett Miller,Garrett Miller,250,77,TE,4,28,2,243,30
4570532,Todd,Justice,Todd Justice,Todd Justice,244,75,TE,3,6,0,9,2
4570580,Sean,Brown,Sean Brown,Sean Brown,250,77,TE,3,58,5,292,18
4570581,Hunter,Salmon,Hunter Salmon,Hunter Salmon,249,77,TE,4,14,0,21,2
4570740,Bryce,Butler,Bryce Butler,Bryce Butler,258,74,TE,2,9,1,15,3
4570792,Blake,Gobel,Blake Gobel,Blake Gobel,250,78,TE,4,38,2,231,20
4570846,Anthony,Manaves,Anthony Manaves,Anthony Manaves,235,76,TE,3,13,1,106,14
4570966,Chase,Lanckriet,Chase Lanckriet,Chase Lanckriet,241,75,TE,3,72,2,286,19
4570966,Chase,Lanckriet,Chase Lanckriet,Chase Lanckriet,241,75,TE,3,72,2,286,19
4571178,William,Enneking,William Enneking,William Enneking,260,75,RB,4,20,0,72,8
4571716,Jeff,Ciccio,Jeff Ciccio,Jeff Ciccio,234,77,TE,4,25,0,81,10
4571768,Alex,Moore,Alex Moore,Alex Moore,225,78,TE,2,21,2,102,10
4571942,Payten,Singletary,Payten Singletary,Payten Singletary,235,76,TE,3,32,2,115,12
4572558,Liam,McComas,Liam McComas,Liam McComas,192,73,TE,3,16,0,25,2
4572730,Evan,Brown,Evan Brown,Evan Brown,235,75,TE,3,19,1,24,2
4572785,Kahlil,Overton,Kahlil Overton,Kahlil Overton,230,77,TE,4,17,0,61,8
4572932,Michael,Vice,Michael Vice,Michael Vice,250,76,TE,4,9,1,29,8
4573065,Josh,Lifson,Josh Lifson,Josh Lifson,235,75,TE,4,19,0,59,6
4573065,Josh,Lifson,Josh Lifson,Josh Lifson,235,75,TE,4,19,0,59,6
4573456,Brady,Roark,Brady Roark,Brady Roark,230,74,TE,3,18,0,25,3
4573499,Nathan,Gaskamp,Nathan Gaskamp,Nathan Gaskamp,237,73,TE,4,11,0,17,3
4573499,Nathan,Gaskamp,Nathan Gaskamp,Nathan Gaskamp,237,73,TE,4,11,0,17,3
4573699,Jackson,Hawes,Jackson Hawes,Jackson Hawes,251,77,TE,4,28,1,97,9
4573699,Jackson,Hawes,Jackson Hawes,Jackson Hawes,251,77,TE,4,28,1,97,9
4573961,Naj,Johnson,Naj Johnson,Naj Johnson,222,74,TE,1,51,1,192,8
4573961,Naj,Johnson,Naj Johnson,Naj Johnson,222,74,TE,1,51,1,192,8
4574301,Kenny,Rawls,Kenny Rawls,Kenny Rawls,228,75,TE,3,40,2,95,8
4574301,Kenny,Rawls,Kenny Rawls,Kenny Rawls,228,75,TE,3,40,2,95,8
4574570,Kamari,Young,Kamari Young,Kamari Young,245,76,TE,4,59,1,366,24
4574570,Kamari,Young,Kamari Young,Kamari Young,245,76,TE,4,59,1,366,24
4574777,Dylan,Leonard,Dylan Leonard,Dylan Leonard,236,77,TE,4,23,1,127,13
4575093,Joshua,Quiett,Joshua Quiett,Joshua Quiett,218,76,TE,4,32,1,110,10
4575093,Joshua,Quiett,Joshua Quiett,Joshua Quiett,218,76,TE,4,32,1,110,10
4575252,Logan,Lutz,Logan Lutz,Logan Lutz,225,75,TE,4,6,0,10,3
4575252,Logan,Lutz,Logan Lutz,Logan Lutz,225,75,TE,4,6,0,10,3
4575672,Julian,Lopez,Julian Lopez,Julian Lopez,246,73,TE,3,8,0,16,3
4575672,Julian,Lopez,Julian Lopez,Julian Lopez,246,73,TE,3,8,0,16,3
4576226,Hunter,Brown,Hunter Brown,Hunter Brown,245,76,TE,3,60,3,387,33
4576280,Max,Mazzella,Max Mazzella,Max Mazzella,219,75,TE,4,13,1,34,4
4576297,AJ,Barner,AJ Barner,AJ Barner,251,78,TE,4,22,1,249,22
4577508,Tim,Stayskal,Tim Stayskal,Tim Stayskal,228,76,TE,3,31,0,61,2
4577510,Jaylen,Frierson,Jaylen Frierson,Jaylen Frierson,248,72,TE,3,25,1,76,4
4577510,Jaylen,Frierson,Jaylen Frierson,Jaylen Frierson,248,72,TE,3,25,1,76,4
4577762,Jake,Orlando,Jake Orlando,Jake Orlando,245,78,TE,4,13,0,28,4
4577940,Owen,Glascoe,Owen Glascoe,Owen Glascoe,258,76,TE,4,54,3,293,26
4578842,Chad,Aune,Chad Aune,Chad Aune,260,77,TE,3,9,0,33,6
4579071,Billy,Riviere III,Billy Riviere III,Billy Riviere III,250,76,TE,3,18,0,77,8
4579264,Dalton,Meyer,Dalton Meyer,Dalton Meyer,265,74,TE,4,18,1,29,4
4579563,Brennan,Brown,Brennan Brown,Brennan Brown,250,78,TE,4,25,2,59,5
4579566,Christion,Carter,Christion Carter,Christion Carter,240,79,TE,3,33,2,178,12
4580626,Ryan,Lonergan,Ryan Lonergan,Ryan Lonergan,243,76,TE,3,45,1,93,6
4583089,Var'Keyes,Gumms,Var'Keyes Gumms,Var'Keyes Gumms,242,75,TE,2,25,0,26,3
4583089,Var'Keyes,Gumms,Var'Keyes Gumms,Var'Keyes Gumms,242,75,TE,2,25,0,26,3
4590292,Thomas,Fidone II,Thomas Fidone II,Thomas Fidone II,250,78,TE,2,29,4,260,25
4592572,Mason,Tharp,Mason Tharp,Mason Tharp,270,81,TE,3,28,3,156,15
4594749,Michael,Trigg,Michael Trigg,Michael Trigg,240,75,TE,3,21,1,65,4
4595342,Oronde,Gadsden II,Oronde Gadsden II,Oronde Gadsden II,223,77,TE,3,17,1,67,7
4596346,Jordan,Dingle,Jordan Dingle,Jordan Dingle,238,76,TE,2,59,0,198,11
4596545,CJ,Dippre,CJ Dippre,CJ Dippre,257,77,TE,3,45,0,172,9
4596545,CJ,Dippre,CJ Dippre,CJ Dippre,257,77,TE,3,45,0,172,9
4596545,CJ,Dippre,CJ Dippre,CJ Dippre,257,77,TE,3,45,0,172,9
4602192,Landen,King,Landen King,Landen King,225,77,TE,2,28,3,166,14
4602969,Bryson,Nesbit,Bryson Nesbit,Bryson Nesbit,235,77,TE,3,62,5,585,41
4602969,Bryson,Nesbit,Bryson Nesbit,Bryson Nesbit,235,77,TE,3,62,5,585,41
4603191,David,Larkins,David Larkins,David Larkins,255,77,TE,2,23,3,99,13
4605858,Rivaldo,Fairweather,Rivaldo Fairweather,Rivaldo Fairweather,251,76,TE,3,53,6,349,33
4605996,Kris,Byrd,Kris Byrd,Kris Byrd,257,73,TE,3,9,0,17,2
4605996,Kris,Byrd,Kris Byrd,Kris Byrd,257,73,TE,3,9,0,17,2
4605996,Kris,Byrd,Kris Byrd,Kris Byrd,257,73,TE,3,9,0,17,2
4605996,Kris,Byrd,Kris Byrd,Kris Byrd,257,73,TE,3,9,0,17,2
4608520,Sam,Olson,Sam Olson,Sam Olson,238,75,TE,3,56,2,214,18
4608691,Maximilian,Mang,Maximilian Mang,Maximilian Mang,265,79,TE,3,7,1,12,2
4608803,Mason,Fakahua,Mason Fakahua,Mason Fakahua,240,74,TE,3,11,0,27,6
4608853,Peter,Montini,Peter Montini,Peter Montini,230,72,TE,4,11,0,21,3
4608858,Dan,Villari,Dan Villari,Dan Villari,235,76,TE,2,37,3,180,20
4608936,Ahmon,Green,Ahmon Green,Ahmon Green,255,74,TE,3,29,4,135,17
4609805,Trey,Walker,Trey Walker,Trey Walker,255,77,TE,4,20,1,81,10
4609805,Trey,Walker,Trey Walker,Trey Walker,255,77,TE,4,20,1,81,10
4612297,Markeston,Douglas,Markeston Douglas,Markeston Douglas,285,76,TE,3,42,2,136,11
4612589,Gavin,McKay,Gavin McKay,Gavin McKay,225,77,TE,2,16,0,18,4
4612824,Broc,Lane,Broc Lane,Broc Lane,245,76,TE,3,27,1,208,21
4613157,Jake,Clemons,Jake Clemons,Jake Clemons,260,78,TE,3,19,1,78,11
4613157,Jake,Clemons,Jake Clemons,Jake Clemons,260,78,TE,3,19,1,78,11
4613268,Joey,Bearns III,Joey Bearns III,Joey Bearns III,280,73,TE,2,7,0,8,3
4619186,Treylan,Davis,Treylan Davis,Treylan Davis,258,75,TE,2,1,0,2,2
4643696,Gunnar,Greenwald,Gunnar Greenwald,Gunnar Greenwald,240,76,TE,3,8,1,17,4
4643696,Gunnar,Greenwald,Gunnar Greenwald,Gunnar Greenwald,240,76,TE,3,8,1,17,4
4643696,Gunnar,Greenwald,Gunnar Greenwald,Gunnar Greenwald,240,76,TE,3,8,1,17,4
4643696,Gunnar,Greenwald,Gunnar Greenwald,Gunnar Greenwald,240,76,TE,3,8,1,17,4
4643696,Gunnar,Greenwald,Gunnar Greenwald,Gunnar Greenwald,240,76,TE,3,8,1,17,4
4682792,Jed,Castles,Jed Castles,Jed Castles,235,78,TE,2,38,3,241,25
4683007,JaCorey,Hyder,JaCorey Hyder,JaCorey Hyder,240,75,TE,2,19,0,20,2
4683007,JaCorey,Hyder,JaCorey Hyder,JaCorey Hyder,240,75,TE,2,19,0,20,2
4683007,JaCorey,Hyder,JaCorey Hyder,JaCorey Hyder,240,75,TE,2,19,0,20,2
4683119,Tyler,Moore,Tyler Moore,Tyler Moore,260,77,TE,2,14,1,25,4
4683119,Tyler,Moore,Tyler Moore,Tyler Moore,260,77,TE,2,14,1,25,4
4683119,Tyler,Moore,Tyler Moore,Tyler Moore,260,77,TE,2,14,1,25,4
4683119,Tyler,Moore,Tyler Moore,Tyler Moore,260,77,TE,2,14,1,25,4
4683119,Tyler,Moore,Tyler Moore,Tyler Moore,260,77,TE,2,14,1,25,4
4683243,Mitchell,Evans,Mitchell Evans,Mitchell Evans,260,77,TE,3,36,1,422,29
4683265,Weston,Wolff,Weston Wolff,Weston Wolff,240,76,TE,2,32,0,143,14
4683265,Weston,Wolff,Weston Wolff,Weston Wolff,240,76,TE,2,32,0,143,14
4683417,Miles,Campbell,Miles Campbell,Miles Campbell,240,75,TE,2,31,1,34,2
4683582,Lawson,Albright,Lawson Albright,Lawson Albright,237,77,TE,3,6,0,12,2
4683832,Carson,Williams,Carson Williams,Carson Williams,242,76,TE,2,24,0,58,7
4684068,Cameron,Harpole,Cameron Harpole,Cameron Harpole,250,76,TE,2,21,0,69,7
4684279,Charlie,Browder,Charlie Browder,Charlie Browder,250,79,TE,2,8,0,10,2
4684327,Colby,Powers,Colby Powers,Colby Powers,234,76,TE,2,8,0,10,2
4684327,Colby,Powers,Colby Powers,Colby Powers,234,76,TE,2,8,0,10,2
4684327,Colby,Powers,Colby Powers,Colby Powers,234,76,TE,2,8,0,10,2
4684551,Jake,Renda,Jake Renda,Jake Renda,230,76,TE,2,12,0,14,2
4684953,Sackett,Wood Jr.,Sackett Wood Jr.,Sackett Wood Jr.,240,76,TE,4,28,0,141,9
4685056,Reggie,Brown,Reggie Brown,Reggie Brown,245,75,TE,3,14,0,25,3
4685056,Reggie,Brown,Reggie Brown,Reggie Brown,245,75,TE,3,14,0,25,3
4685157,Blake,Smith,Blake Smith,Blake Smith,252,76,TE,3,28,1,30,2
4685289,Keyan,Burnett,Keyan Burnett,Keyan Burnett,245,78,TE,2,17,0,34,3
4685289,Keyan,Burnett,Keyan Burnett,Keyan Burnett,245,78,TE,2,17,0,34,3
4685289,Keyan,Burnett,Keyan Burnett,Keyan Burnett,245,78,TE,2,17,0,34,3
4685333,Andre,Dollar,Andre Dollar,Andre Dollar,242,77,TE,2,20,0,44,3
4685366,Benji,Gosnell,Benji Gosnell,Benji Gosnell,237,77,TE,1,23,0,116,10
4685393,Preston,Howard,Preston Howard,Preston Howard,238,77,TE,1,33,0,155,12
4685414,Jake,Johnson,Jake Johnson,Jake Johnson,240,78,TE,2,28,4,235,24
4685414,Jake,Johnson,Jake Johnson,Jake Johnson,240,78,TE,2,28,4,235,24
4685504,Sam,Roush,Sam Roush,Sam Roush,242,77,TE,2,31,0,288,28
4685504,Sam,Roush,Sam Roush,Sam Roush,242,77,TE,2,31,0,288,28
4685573,Holden,Staes,Holden Staes,Holden Staes,242,76,TE,2,40,4,176,15
4685573,Holden,Staes,Holden Staes,Holden Staes,242,76,TE,2,40,4,176,15
4685573,Holden,Staes,Holden Staes,Holden Staes,242,76,TE,2,40,4,176,15
4685784,Tre,Watson,Tre Watson,Tre Watson,245,77,TE,3,28,4,359,35
4685784,Tre,Watson,Tre Watson,Tre Watson,245,77,TE,3,28,4,359,35
4685784,Tre,Watson,Tre Watson,Tre Watson,245,77,TE,3,28,4,359,35
4686248,Nate,Boerkircher,Nate Boerkircher,Nate Boerkircher,245,77,TE,2,17,0,51,5
4686248,Nate,Boerkircher,Nate Boerkircher,Nate Boerkircher,245,77,TE,2,17,0,51,5
4686382,Jared,Casey,Jared Casey,Jared Casey,255,72,TE,3,24,2,85,7
4686438,Stevo,Klotz,Stevo Klotz,Stevo Klotz,260,76,TE,3,24,1,60,7
4686438,Stevo,Klotz,Stevo Klotz,Stevo Klotz,260,76,TE,3,24,1,60,7
4686454,Colin,O'Brien,Colin O'Brien,Colin O'Brien,245,78,TE,4,14,0,20,2
4686562,Christian,Lee,Christian Lee,Christian Lee,221,75,TE,3,34,0,43,4
4686692,Carlton,Brown III,Carlton Brown III,Carlton Brown III,227,78,TE,2,87,0,169,8
4686728,Gunnar,Helm,Gunnar Helm,Gunnar Helm,250,77,TE,3,31,2,186,13
4686728,Gunnar,Helm,Gunnar Helm,Gunnar Helm,250,77,TE,3,31,2,186,13
4686728,Gunnar,Helm,Gunnar Helm,Gunnar Helm,250,77,TE,3,31,2,186,13
4686854,Nick,Dottore,Nick Dottore,Nick Dottore,220,73,TE,3,17,0,33,3
4686854,Nick,Dottore,Nick Dottore,Nick Dottore,220,73,TE,3,17,0,33,3
4686854,Nick,Dottore,Nick Dottore,Nick Dottore,220,73,TE,3,17,0,33,3
4686854,Nick,Dottore,Nick Dottore,Nick Dottore,220,73,TE,3,17,0,33,3
4687486,Matt,Lauter,Matt Lauter,Matt Lauter,240,75,TE,2,59,3,157,9
4687509,Caden,Prieskorn,Caden Prieskorn,Caden Prieskorn,255,77,TE,4,35,2,313,20
4687509,Caden,Prieskorn,Caden Prieskorn,Caden Prieskorn,255,77,TE,4,35,2,313,20
4688552,Keleki,Latu,Keleki Latu,Keleki Latu,230,79,TE,3,30,0,179,14
4688731,Brandon,Lanier,Brandon Lanier,Brandon Lanier,230,74,TE,3,10,0,16,2
4688904,Reece,Adkins,Reece Adkins,Reece Adkins,240,78,TE,3,9,0,16,2
4689090,Brandon,Frazier,Brandon Frazier,Brandon Frazier,267,79,TE,4,39,1,66,5
4689590,Bryce,Kennon,Bryce Kennon,Bryce Kennon,235,75,TE,3,36,1,208,16
4689590,Bryce,Kennon,Bryce Kennon,Bryce Kennon,235,75,TE,3,36,1,208,16
4689590,Bryce,Kennon,Bryce Kennon,Bryce Kennon,235,75,TE,3,36,1,208,16
4689590,Bryce,Kennon,Bryce Kennon,Bryce Kennon,235,75,TE,3,36,1,208,16
4689590,Bryce,Kennon,Bryce Kennon,Bryce Kennon,235,75,TE,3,36,1,208,16
4689890,Zach,Fryar,Zach Fryar,Zach Fryar,240,73,TE,4,19,1,59,10
4690027,Hayden,Hagler,Hayden Hagler,Hayden Hagler,250,76,TE,4,28,2,92,11
4690027,Hayden,Hagler,Hayden Hagler,Hayden Hagler,250,76,TE,4,28,2,92,11
4690027,Hayden,Hagler,Hayden Hagler,Hayden Hagler,250,76,TE,4,28,2,92,11
4690170,DJ,Thomas-Jones,DJ Thomas-Jones,DJ Thomas-Jones,247,75,TE,4,33,3,212,24
4690170,DJ,Thomas-Jones,DJ Thomas-Jones,DJ Thomas-Jones,247,75,TE,4,33,3,212,24
4690170,DJ,Thomas-Jones,DJ Thomas-Jones,DJ Thomas-Jones,247,75,TE,4,33,3,212,24
4690170,DJ,Thomas-Jones,DJ Thomas-Jones,DJ Thomas-Jones,247,75,TE,4,33,3,212,24
4690923,Ben,Sinnott,Ben Sinnott,Ben Sinnott,245,76,TE,3,44,6,676,49
4690923,Ben,Sinnott,Ben Sinnott,Ben Sinnott,245,76,TE,3,44,6,676,49
4690984,Jayden,York,Jayden York,Jayden York,250,76,TE,3,19,1,30,3
4690984,Jayden,York,Jayden York,Jayden York,250,76,TE,3,19,1,30,3
4691101,Lavar,Lindo,Lavar Lindo,Lavar Lindo,245,76,TE,2,33,0,66,5
4691266,Noah,Caldwell,Noah Caldwell,Noah Caldwell,250,78,TE,3,25,1,47,5
4691266,Noah,Caldwell,Noah Caldwell,Noah Caldwell,250,78,TE,3,25,1,47,5
4691688,Robbie,Ouzts,Robbie Ouzts,Robbie Ouzts,258,76,TE,3,21,1,33,3
4691688,Robbie,Ouzts,Robbie Ouzts,Robbie Ouzts,258,76,TE,3,21,1,33,3
4692050,Ethan,Dirrim,Ethan Dirrim,Ethan Dirrim,235,74,TE,4,2,0,4,3
4692070,Andrew,May,Andrew May,Andrew May,230,76,TE,3,7,0,20,3
4692534,Jackson,Sumlin,Jackson Sumlin,Jackson Sumlin,220,74,TE,3,11,0,29,4
4692538,Jalin,Conyers,Jalin Conyers,Jalin Conyers,270,76,TE,3,50,0,362,30
4692538,Jalin,Conyers,Jalin Conyers,Jalin Conyers,270,76,TE,3,50,0,362,30
4692968,Travon,Jones,Travon Jones,Travon Jones,220,79,TE,2,32,0,153,15
4692968,Travon,Jones,Travon Jones,Travon Jones,220,79,TE,2,32,0,153,15
4692968,Travon,Jones,Travon Jones,Travon Jones,220,79,TE,2,32,0,153,15
4692968,Travon,Jones,Travon Jones,Travon Jones,220,79,TE,2,32,0,153,15
4693341,Joe,Stoffel,Joe Stoffel,Joe Stoffel,242,76,TE,4,49,6,288,25
4693370,Riley,Nowakowski,Riley Nowakowski,Riley Nowakowski,243,73,TE,3,23,1,56,6
4693865,Abdou,Diop,Abdou Diop,Abdou Diop,207,76,TE,4,14,0,27,3
4694056,Konor,Lathrop,Konor Lathrop,Konor Lathrop,233,76,TE,4,14,6,134,17
4694069,Marc,Taglieri Jr.,Marc Taglieri Jr.,Marc Taglieri Jr.,245,76,TE,4,29,2,115,10
4694069,Marc,Taglieri Jr.,Marc Taglieri Jr.,Marc Taglieri Jr.,245,76,TE,4,29,2,115,10
4694246,William,Parker,William Parker,William Parker,240,74,TE,4,8,1,12,4
4694247,Matt,Paske,Matt Paske,Matt Paske,245,76,TE,4,9,0,10,2
4694247,Matt,Paske,Matt Paske,Matt Paske,245,76,TE,4,9,0,10,2
4694288,James,Miller,James Miller,James Miller,245,76,TE,4,14,0,75,12
4694323,Andrew,Miklos,Andrew Miklos,Andrew Miklos,255,76,TE,4,6,0,5,3
4694355,Brandan,Serrano,Brandan Serrano,Brandan Serrano,245,72,TE,3,15,2,93,14
4694376,Dillon,Droze,Dillon Droze,Dillon Droze,230,75,TE,4,16,1,47,6
4694411,Matt,Robbert,Matt Robbert,Matt Robbert,240,76,TE,4,37,1,261,22
4694452,Myles,Morales,Myles Morales,Myles Morales,235,76,TE,3,23,0,100,7
4694468,Jace,Henry,Jace Henry,Jace Henry,250,76,TE,4,37,1,152,13
4694479,Nic,Sani,Nic Sani,Nic Sani,255,79,TE,4,13,0,17,2
4694494,Ry,Yates,Ry Yates,Ry Yates,235,76,TE,3,23,0,78,8
4694555,Alec,Keathley,Alec Keathley,Alec Keathley,223,75,TE,3,45,3,148,14
4694660,Tre,Maronic,Tre Maronic,Tre Maronic,215,75,TE,3,15,1,26,5
4694714,Aidan,Twombly,Aidan Twombly,Aidan Twombly,225,75,TE,4,38,3,558,38
4694741,Mitchell,Bothwell,Mitchell Bothwell,Mitchell Bothwell,240,77,TE,3,7,0,7,2
4694806,Jake,Vickers,Jake Vickers,Jake Vickers,255,75,TE,3,13,2,88,16
4694854,Tim,Nesslage,Tim Nesslage,Tim Nesslage,220,73,TE,4,12,0,68,11
4694869,Sam,Rodriguez,Sam Rodriguez,Sam Rodriguez,230,74,TE,4,80,0,252,12
4694875,Eli,Stewart,Eli Stewart,Eli Stewart,228,74,TE,4,6,1,24,6
4695032,Hunter,Barnhart,Hunter Barnhart,Hunter Barnhart,246,76,TE,3,31,1,172,13
4695032,Hunter,Barnhart,Hunter Barnhart,Hunter Barnhart,246,76,TE,3,31,1,172,13
4695223,Chase,Curtis,Chase Curtis,Chase Curtis,235,77,TE,4,36,1,132,15
4695223,Chase,Curtis,Chase Curtis,Chase Curtis,235,77,TE,4,36,1,132,15
4695223,Chase,Curtis,Chase Curtis,Chase Curtis,235,77,TE,4,36,1,132,15
4695223,Chase,Curtis,Chase Curtis,Chase Curtis,235,77,TE,4,36,1,132,15
4695318,Cole,Bunicci,Cole Bunicci,Cole Bunicci,230,75,TE,4,19,0,124,13
4695318,Cole,Bunicci,Cole Bunicci,Cole Bunicci,230,75,TE,4,19,0,124,13
4695318,Cole,Bunicci,Cole Bunicci,Cole Bunicci,230,75,TE,4,19,0,124,13
4695318,Cole,Bunicci,Cole Bunicci,Cole Bunicci,230,75,TE,4,19,0,124,13
4695318,Cole,Bunicci,Cole Bunicci,Cole Bunicci,230,75,TE,4,19,0,124,13
4695318,Cole,Bunicci,Cole Bunicci,Cole Bunicci,230,75,TE,4,19,0,124,13
4695765,Tyler,Neville,Tyler Neville,Tyler Neville,235,76,TE,4,31,4,283,24
4695800,JJ,Galbreath,JJ Galbreath,JJ Galbreath,240,76,TE,3,75,5,579,36
4696001,Tyce,Ferrell,Tyce Ferrell,Tyce Ferrell,245,76,TE,3,15,1,35,6
4696027,Javon,Charles,Javon Charles,Javon Charles,260,77,TE,3,13,1,32,5
4696027,Javon,Charles,Javon Charles,Javon Charles,260,77,TE,3,13,1,32,5
4696138,Mason,Gilbert,Mason Gilbert,Mason Gilbert,254,80,TE,4,25,2,247,21
4696227,Connor,Deveney,Connor Deveney,Connor Deveney,256,77,TE,3,35,2,118,11
4696228,Brooks,Heagarty,Brooks Heagarty,Brooks Heagarty,251,76,TE,3,65,3,151,12
4696274,Devyn,Gibbs,Devyn Gibbs,Devyn Gibbs,217,76,TE,2,31,2,172,14
4696274,Devyn,Gibbs,Devyn Gibbs,Devyn Gibbs,217,76,TE,2,31,2,172,14
4696462,Max,Gunderson,Max Gunderson,Max Gunderson,255,77,TE,3,10,1,29,4
4696700,Tip,Reiman,Tip Reiman,Tip Reiman,270,77,TE,3,42,3,203,19
4696700,Tip,Reiman,Tip Reiman,Tip Reiman,270,77,TE,3,42,3,203,19
4696832,Connor,Briggs,Connor Briggs,Connor Briggs,255,74,TE,2,6,0,9,2
4696846,Ivan,Drobocky,Ivan Drobocky,Ivan Drobocky,240,76,TE,3,14,1,23,3
4696846,Ivan,Drobocky,Ivan Drobocky,Ivan Drobocky,240,76,TE,3,14,1,23,3
4696846,Ivan,Drobocky,Ivan Drobocky,Ivan Drobocky,240,76,TE,3,14,1,23,3
4696846,Ivan,Drobocky,Ivan Drobocky,Ivan Drobocky,240,76,TE,3,14,1,23,3
4697630,Cooper,Mathers,Cooper Mathers,Cooper Mathers,228,74,TE,3,39,1,251,21
4697808,Ryan,Morgan,Ryan Morgan,Ryan Morgan,265,75,TE,3,10,0,13,2
4698120,Kevin,Schaeffer,Kevin Schaeffer,Kevin Schaeffer,245,77,TE,2,25,0,43,4
4698179,River,Helms,River Helms,River Helms,242,76,TE,2,63,3,263,17
4698229,Chase,Stafford,Chase Stafford,Chase Stafford,235,76,TE,4,9,1,23,4
4698237,Justin,Wolf,Justin Wolf,Justin Wolf,240,76,TE,4,19,1,43,4
4698249,Josh,Gale,Josh Gale,Josh Gale,240,76,TE,3,35,4,335,26
4698298,Jake,Cox,Jake Cox,Jake Cox,235,75,TE,2,18,3,105,12
4698362,Kaleb,Costner,Kaleb Costner,Kaleb Costner,235,74,TE,2,38,1,113,12
4698362,Kaleb,Costner,Kaleb Costner,Kaleb Costner,235,74,TE,2,38,1,113,12
4698362,Kaleb,Costner,Kaleb Costner,Kaleb Costner,235,74,TE,2,38,1,113,12
4698757,Lee,Negrotto,Lee Negrotto,Lee Negrotto,225,75,TE,3,40,1,143,14
4698757,Lee,Negrotto,Lee Negrotto,Lee Negrotto,225,75,TE,3,40,1,143,14
4699550,Austin,Henderson,Austin Henderson,Austin Henderson,250,77,TE,3,19,3,87,10
4699678,Khalil,Dinkins,Khalil Dinkins,Khalil Dinkins,246,76,TE,2,16,2,45,4
4699678,Khalil,Dinkins,Khalil Dinkins,Khalil Dinkins,246,76,TE,2,16,2,45,4
4700102,Tavarious,Griffin,Tavarious Griffin,Tavarious Griffin,215,75,TE,4,52,5,351,26
4700102,Tavarious,Griffin,Tavarious Griffin,Tavarious Griffin,215,75,TE,4,52,5,351,26
4701588,Michael,Harrison,Michael Harrison,Michael Harrison,215,75,TE,3,25,5,284,31
4701588,Michael,Harrison,Michael Harrison,Michael Harrison,215,75,TE,3,25,5,284,31
4702556,Arlis,Boardingham,Arlis Boardingham,Arlis Boardingham,240,75,TE,1,25,4,289,26
4702559,Oscar,Delp,Oscar Delp,Oscar Delp,245,77,TE,2,41,3,253,21
4702559,Oscar,Delp,Oscar Delp,Oscar Delp,245,77,TE,2,41,3,253,21
4702826,Kelsey,Johnson,Kelsey Johnson,Kelsey Johnson,251,74,TE,2,21,0,80,11
4702913,RJ,Maryland,RJ Maryland,RJ Maryland,233,76,TE,2,62,7,518,34
4708049,Gavin,Bartholomew,Gavin Bartholomew,Gavin Bartholomew,250,77,TE,3,60,1,326,18
4708049,Gavin,Bartholomew,Gavin Bartholomew,Gavin Bartholomew,250,77,TE,3,60,1,326,18
4708354,Jeremiah,Franklin,Jeremiah Franklin,Jeremiah Franklin,248,75,TE,2,30,1,166,12
4708490,John Michael,Gyllenborg,John Michael Gyllenborg,John Michael Gyllenborg,245,77,TE,2,89,3,316,19
4708878,Trace,Bruckler,Trace Bruckler,Trace Bruckler,237,75,TE,2,25,0,89,9
4709651,Brody,Dalton,Brody Dalton,Brody Dalton,250,77,TE,2,27,0,88,5
4709804,Cole,Rusk,Cole Rusk,Cole Rusk,245,78,TE,3,47,6,512,39
4710068,Colin,Weber,Colin Weber,Colin Weber,261,76,TE,2,45,0,362,34
4710068,Colin,Weber,Colin Weber,Colin Weber,261,76,TE,2,45,0,362,34
4710711,DJ,Rogers,DJ Rogers,DJ Rogers,250,76,TE,2,22,1,78,7
4710718,Andreas,Paaske,Andreas Paaske,Andreas Paaske,255,78,TE,3,21,0,39,4
4710718,Andreas,Paaske,Andreas Paaske,Andreas Paaske,255,78,TE,3,21,0,39,4
4710718,Andreas,Paaske,Andreas Paaske,Andreas Paaske,255,78,TE,3,21,0,39,4
4710718,Andreas,Paaske,Andreas Paaske,Andreas Paaske,255,78,TE,3,21,0,39,4
4711409,Emmanual,Stevenson,Emmanual Stevenson,Emmanual Stevenson,233,75,TE,3,17,2,129,18
4712956,Evan,Lester Jr.,Evan Lester Jr.,Evan Lester Jr.,220,74,TE,2,21,1,22,2
4713061,Ikeem,Wright,Ikeem Wright,Ikeem Wright,244,73,TE,2,32,1,88,4
4713061,Ikeem,Wright,Ikeem Wright,Ikeem Wright,244,73,TE,2,32,1,88,4
4713061,Ikeem,Wright,Ikeem Wright,Ikeem Wright,244,73,TE,2,32,1,88,4
4713061,Ikeem,Wright,Ikeem Wright,Ikeem Wright,244,73,TE,2,32,1,88,4
4713061,Ikeem,Wright,Ikeem Wright,Ikeem Wright,244,73,TE,2,32,1,88,4
4714384,Ethan,Erickson,Ethan Erickson,Ethan Erickson,240,77,TE,2,19,0,24,2
4714427,Jency,Riley,Jency Riley,Jency Riley,225,76,TE,3,35,1,89,7
4714427,Jency,Riley,Jency Riley,Jency Riley,225,76,TE,3,35,1,89,7
4714427,Jency,Riley,Jency Riley,Jency Riley,225,76,TE,3,35,1,89,7
4717723,Reese,Clark,Reese Clark,Reese Clark,220,76,TE,1,28,1,145,18
4723086,Colston,Loveland,Colston Loveland,Colston Loveland,245,77,TE,2,54,4,572,40
4723086,Colston,Loveland,Colston Loveland,Colston Loveland,245,77,TE,2,54,4,572,40
4729985,Gregory,Perkins,Gregory Perkins,Gregory Perkins,245,75,TE,4,10,1,27,4
4730497,Ron,Tiavaasue,Ron Tiavaasue,Ron Tiavaasue,275,76,TE,4,28,1,44,3
4731586,Kyle,Morlock,Kyle Morlock,Kyle Morlock,239,78,TE,3,63,0,255,19
4746167,Worth,Warner,Worth Warner,Worth Warner,215,76,TE,4,31,3,403,31
4747189,Kevin,Diaz,Kevin Diaz,Kevin Diaz,250,76,TE,3,14,0,27,3
4749402,Jyrin,Johnson,Jyrin Johnson,Jyrin Johnson,208,76,TE,3,37,4,405,37
4749402,Jyrin,Johnson,Jyrin Johnson,Jyrin Johnson,208,76,TE,3,37,4,405,37
4769903,Bryson,Clark,Bryson Clark,Bryson Clark,210,74,TE,3,31,0,101,8
4770004,Sylvester,Campbell,Sylvester Campbell,Sylvester Campbell,240,76,TE,4,5,0,9,2
4775263,Jack,Neri,Jack Neri,Jack Neri,245,75,TE,4,25,1,157,22
4775263,Jack,Neri,Jack Neri,Jack Neri,245,75,TE,4,25,1,157,22
4775263,Jack,Neri,Jack Neri,Jack Neri,245,75,TE,4,25,1,157,22
4801276,Houston,Thomas,Houston Thomas,Houston Thomas,240,78,TE,1,26,0,98,8
4804882,Garrett,Oakley,Garrett Oakley,Garrett Oakley,230,77,TE,1,28,2,119,9
4808766,Mason,Taylor,Mason Taylor,Mason Taylor,255,78,TE,2,22,1,260,29
4808766,Mason,Taylor,Mason Taylor,Mason Taylor,255,78,TE,2,22,1,260,29
4808766,Mason,Taylor,Mason Taylor,Mason Taylor,255,78,TE,2,22,1,260,29
4808766,Mason,Taylor,Mason Taylor,Mason Taylor,255,78,TE,2,22,1,260,29
4816323,Nate,Kurisky,Nate Kurisky,Nate Kurisky,235,75,TE,2,23,2,138,16
4819215,Josh,Kattus,Josh Kattus,Josh Kattus,231,76,TE,2,28,2,108,8
4819215,Josh,Kattus,Josh Kattus,Josh Kattus,231,76,TE,2,28,2,108,8
4819215,Josh,Kattus,Josh Kattus,Josh Kattus,231,76,TE,2,28,2,108,8
4819259,Devon,Tauaefa,Devon Tauaefa,Devon Tauaefa,205,76,TE,1,26,1,55,5
4819259,Devon,Tauaefa,Devon Tauaefa,Devon Tauaefa,205,76,TE,1,26,1,55,5
4819259,Devon,Tauaefa,Devon Tauaefa,Devon Tauaefa,205,76,TE,1,26,1,55,5
4826637,Henry,Boyer,Henry Boyer,Henry Boyer,270,78,TE,1,9,0,20,3
4827049,Max,Reese,Max Reese,Max Reese,235,74,TE,2,6,0,8,2
4831959,Eli,Raridon,Eli Raridon,Eli Raridon,249,78,TE,2,19,1,39,3
4831959,Eli,Raridon,Eli Raridon,Eli Raridon,249,78,TE,2,19,1,39,3
4832029,Alex,Bauman,Alex Bauman,Alex Bauman,245,77,TE,2,39,5,273,33
4832029,Alex,Bauman,Alex Bauman,Alex Bauman,245,77,TE,2,39,5,273,33
4832827,Jack,Velling,Jack Velling,Jack Velling,241,76,TE,2,41,8,438,29
4833029,Max,Klare,Max Klare,Max Klare,245,76,TE,1,27,0,196,22
4833029,Max,Klare,Max Klare,Max Klare,245,76,TE,1,27,0,196,22
4833029,Max,Klare,Max Klare,Max Klare,245,76,TE,1,27,0,196,22
4833372,Sean,Sallis,Sean Sallis,Sean Sallis,229,77,TE,1,25,1,51,5
4833372,Sean,Sallis,Sean Sallis,Sean Sallis,229,77,TE,1,25,1,51,5
4837392,Ty,Washington,Ty Washington,Ty Washington,247,76,TE,1,34,2,170,11
4838696,Dae'Quan,Wright,Dae'Quan Wright,Dae'Quan Wright,234,76,TE,2,39,0,366,28
4838696,Dae'Quan,Wright,Dae'Quan Wright,Dae'Quan Wright,234,76,TE,2,39,0,366,28
4867887,Terrance,Carter,Terrance Carter,Terrance Carter,232,74,TE,1,35,3,225,25
4867887,Terrance,Carter,Terrance Carter,Terrance Carter,232,74,TE,1,35,3,225,25
4867887,Terrance,Carter,Terrance Carter,Terrance Carter,232,74,TE,1,35,3,225,25
4867887,Terrance,Carter,Terrance Carter,Terrance Carter,232,74,TE,1,35,3,225,25
4867887,Terrance,Carter,Terrance Carter,Terrance Carter,232,74,TE,1,35,3,225,25
4869390,Wyatt,Sullivan,Wyatt Sullivan,Wyatt Sullivan,235,76,TE,1,12,0,29,5
4869390,Wyatt,Sullivan,Wyatt Sullivan,Wyatt Sullivan,235,76,TE,1,12,0,29,5
4869519,Gabe,Burkle,Gabe Burkle,Gabe Burkle,260,77,TE,1,5,0,9,2
4869519,Gabe,Burkle,Gabe Burkle,Gabe Burkle,260,77,TE,1,5,0,9,2
4869534,Amari,Niblack,Amari Niblack,Amari Niblack,233,76,TE,2,39,4,321,19
4869534,Amari,Niblack,Amari Niblack,Amari Niblack,233,76,TE,2,39,4,321,19
4869534,Amari,Niblack,Amari Niblack,Amari Niblack,233,76,TE,2,39,4,321,19
4869534,Amari,Niblack,Amari Niblack,Amari Niblack,233,76,TE,2,39,4,321,19
4869608,Maximus,Webster,Maximus Webster,Maximus Webster,200,74,TE,1,9,1,16,5
4869728,Jeremiah,Hasley,Jeremiah Hasley,Jeremiah Hasley,239,75,TE,1,21,1,46,4
4869745,Kyirin,Heath,Kyirin Heath,Kyirin Heath,235,76,TE,2,21,0,60,4
4869745,Kyirin,Heath,Kyirin Heath,Kyirin Heath,235,76,TE,2,21,0,60,4
4869821,Decorion,Temple,Decorion Temple,Decorion Temple,240,77,TE,1,22,0,75,6
4869963,Charlie,Kreinbucher,Charlie Kreinbucher,Charlie Kreinbucher,230,77,TE,2,20,3,95,12
4870608,Benjamin,Brahmer,Benjamin Brahmer,Benjamin Brahmer,240,79,TE,1,48,2,320,26
4870608,Benjamin,Brahmer,Benjamin Brahmer,Benjamin Brahmer,240,79,TE,1,48,2,320,26
4870683,Ethan,Davis,Ethan Davis,Ethan Davis,232,77,TE,1,19,0,33,2
4870683,Ethan,Davis,Ethan Davis,Ethan Davis,232,77,TE,1,19,0,33,2
4870683,Ethan,Davis,Ethan Davis,Ethan Davis,232,77,TE,1,19,0,33,2
4870797,Luke,Hasz,Luke Hasz,Luke Hasz,242,75,TE,1,59,3,253,16
4870797,Luke,Hasz,Luke Hasz,Luke Hasz,242,75,TE,1,59,3,253,16
4870869,Brett,Norfleet,Brett Norfleet,Brett Norfleet,235,79,TE,1,27,3,195,17
4870869,Brett,Norfleet,Brett Norfleet,Brett Norfleet,235,79,TE,1,27,3,195,17
4870884,Mac,Markway,Mac Markway,Mac Markway,250,76,TE,1,8,1,16,3
4870954,Randy,Pittman,Randy Pittman,Randy Pittman,225,74,TE,1,39,1,215,19
4870954,Randy,Pittman,Randy Pittman,Randy Pittman,225,74,TE,1,39,1,215,19
4870954,Randy,Pittman,Randy Pittman,Randy Pittman,225,74,TE,1,39,1,215,19
4871019,Rico,Walker,Rico Walker,Rico Walker,248,76,TE,1,16,0,27,4
4871039,Jelani,Thurman,Jelani Thurman,Jelani Thurman,258,78,TE,1,14,0,18,2
4871054,Riley,Williams,Riley Williams,Riley Williams,240,78,TE,1,22,1,59,7
4871061,Pearce,Spurlin III,Pearce Spurlin III,Pearce Spurlin III,230,79,TE,1,25,0,29,2
4871100,John,Locke,John Locke,John Locke,251,76,TE,1,3,1,4,2
4872953,Thomaz,Whitford,Thomaz Whitford,Thomaz Whitford,250,76,TE,4,20,2,119,11
4872961,Matt,Byrnes,Matt Byrnes,Matt Byrnes,250,78,TE,2,18,0,44,6
4872966,Clayton,Ollendieck,Clayton Ollendieck,Clayton Ollendieck,235,76,TE,4,30,2,124,10
4872997,Jjay,Mcafee,Jjay Mcafee,Jjay Mcafee,240,75,TE,4,32,3,316,32
4872997,Jjay,Mcafee,Jjay Mcafee,Jjay Mcafee,240,75,TE,4,32,3,316,32
4873456,Addison,Ostrenga,Addison Ostrenga,Addison Ostrenga,255,76,TE,2,19,2,178,29
4873456,Addison,Ostrenga,Addison Ostrenga,Addison Ostrenga,255,76,TE,2,19,2,178,29
4873590,Koby,Gross,Koby Gross,Koby Gross,243,74,TE,4,17,2,85,9
4873590,Koby,Gross,Koby Gross,Koby Gross,243,74,TE,4,17,2,85,9
4874455,Stetson,Moore,Stetson Moore,Stetson Moore,250,76,TE,4,6,0,12,4
4874455,Stetson,Moore,Stetson Moore,Stetson Moore,250,76,TE,4,6,0,12,4
4874455,Stetson,Moore,Stetson Moore,Stetson Moore,250,76,TE,4,6,0,12,4
4874455,Stetson,Moore,Stetson Moore,Stetson Moore,250,76,TE,4,6,0,12,4
4874455,Stetson,Moore,Stetson Moore,Stetson Moore,250,76,TE,4,6,0,12,4
4875350,Quentin,Moore,Quentin Moore,Quentin Moore,255,76,TE,3,8,1,10,2
4875350,Quentin,Moore,Quentin Moore,Quentin Moore,255,76,TE,3,8,1,10,2
4875350,Quentin,Moore,Quentin Moore,Quentin Moore,255,76,TE,3,8,1,10,2
4875469,Austin,Hence,Austin Hence,Austin Hence,241,76,TE,4,32,3,269,25
4875469,Austin,Hence,Austin Hence,Austin Hence,241,76,TE,4,32,3,269,25
4875469,Austin,Hence,Austin Hence,Austin Hence,241,76,TE,4,32,3,269,25
4875469,Austin,Hence,Austin Hence,Austin Hence,241,76,TE,4,32,3,269,25
4875683,Mitchel,Collier,Mitchel Collier,Mitchel Collier,240,75,TE,2,20,3,88,10
4875683,Mitchel,Collier,Mitchel Collier,Mitchel Collier,240,75,TE,2,20,3,88,10
4875683,Mitchel,Collier,Mitchel Collier,Mitchel Collier,240,75,TE,2,20,3,88,10
4875683,Mitchel,Collier,Mitchel Collier,Mitchel Collier,240,75,TE,2,20,3,88,10
4875683,Mitchel,Collier,Mitchel Collier,Mitchel Collier,240,75,TE,2,20,3,88,10
4875683,Mitchel,Collier,Mitchel Collier,Mitchel Collier,240,75,TE,2,20,3,88,10
4875683,Mitchel,Collier,Mitchel Collier,Mitchel Collier,240,75,TE,2,20,3,88,10
4876030,Lincoln,Sefcik,Lincoln Sefcik,Lincoln Sefcik,238,75,TE,4,24,1,165,17
4876132,Josh,Cuevas,Josh Cuevas,Josh Cuevas,239,75,TE,2,57,1,164,4
4876196,Erik,Barker,Erik Barker,Erik Barker,245,76,TE,3,9,0,22,5
4876366,Winston,Williams,Winston Williams,Winston Williams,218,76,TE,3,50,0,61,3
4876515,Jack,Larsen,Jack Larsen,Jack Larsen,240,75,TE,3,29,1,58,6
4876574,Landon,Sauers,Landon Sauers,Landon Sauers,236,76,TE,1,25,1,71,9
4876574,Landon,Sauers,Landon Sauers,Landon Sauers,236,76,TE,1,25,1,71,9
4876574,Landon,Sauers,Landon Sauers,Landon Sauers,236,76,TE,1,25,1,71,9
4876659,Jonathan,Burns,Jonathan Burns,Jonathan Burns,220,76,TE,2,26,1,194,23
4876695,Jaden,Allen,Jaden Allen,Jaden Allen,235,75,TE,3,38,1,95,11
4876744,Cameron,Heald,Cameron Heald,Cameron Heald,215,73,RB,2,10,0,25,5
4876858,Ashanti,Caviness Jr.,Ashanti Caviness Jr.,Ashanti Caviness Jr.,240,78,TE,3,31,1,40,3
4876858,Ashanti,Caviness Jr.,Ashanti Caviness Jr.,Ashanti Caviness Jr.,240,78,TE,3,31,1,40,3
4876858,Ashanti,Caviness Jr.,Ashanti Caviness Jr.,Ashanti Caviness Jr.,240,78,TE,3,31,1,40,3
4876858,Ashanti,Caviness Jr.,Ashanti Caviness Jr.,Ashanti Caviness Jr.,240,78,TE,3,31,1,40,3
4876858,Ashanti,Caviness Jr.,Ashanti Caviness Jr.,Ashanti Caviness Jr.,240,78,TE,3,31,1,40,3
4876858,Ashanti,Caviness Jr.,Ashanti Caviness Jr.,Ashanti Caviness Jr.,240,78,TE,3,31,1,40,3
4877773,Johncarlos,Miller II,Johncarlos Miller II,Johncarlos Miller II,242,77,TE,2,70,4,453,25
4877824,Zach,Horton,Zach Horton,Zach Horton,249,76,TE,3,66,6,266,26
4877868,Eli,Mahan,Eli Mahan,Eli Mahan,250,76,TE,2,23,0,39,3
4878109,Hayden,Hansen,Hayden Hansen,Hayden Hansen,265,78,TE,1,38,2,150,12
4878160,Trey,McDonald,Trey McDonald,Trey McDonald,225,78,TE,2,40,1,123,10
4878166,Matthew,Pilc,Matthew Pilc,Matthew Pilc,237,75,TE,4,8,0,25,5
4878209,Alex,Geraci,Alex Geraci,Alex Geraci,225,75,TE,3,17,0,36,4
4878265,Bryce,Myers,Bryce Myers,Bryce Myers,230,75,TE,3,52,1,324,31
4878267,Mike,Fraraccio,Mike Fraraccio,Mike Fraraccio,245,76,TE,3,9,0,15,2
4878267,Mike,Fraraccio,Mike Fraraccio,Mike Fraraccio,245,76,TE,3,9,0,15,2
4878695,Max,Bredeson,Max Bredeson,Max Bredeson,240,74,TE,3,14,0,19,2
4878788,Antonio,Johnson,Antonio Johnson,Antonio Johnson,255,76,TE,2,34,1,100,9
4878842,Layne,Pryor,Layne Pryor,Layne Pryor,251,75,TE,3,17,1,119,11
4879033,Lance,Rees,Lance Rees,Lance Rees,255,76,TE,2,5,0,20,5
4879033,Lance,Rees,Lance Rees,Lance Rees,255,76,TE,2,5,0,20,5
4879073,Jacob,Petersen,Jacob Petersen,Jacob Petersen,244,76,TE,3,29,1,86,5
4879082,Luke,Pecovic,Luke Pecovic,Luke Pecovic,251,75,TE,3,5,0,7,2
4879118,Jackson,Willette,Jackson Willette,Jackson Willette,230,76,TE,2,14,1,76,14
4879166,Evan,Jernegan,Evan Jernegan,Evan Jernegan,225,73,TE,2,31,1,93,6
4879196,Gavin,Yates,Gavin Yates,Gavin Yates,232,75,TE,3,8,0,10,2
4879236,Jaden,Norby,Jaden Norby,Jaden Norby,245,75,TE,3,19,1,56,5
4879277,Finn,Diggins,Finn Diggins,Finn Diggins,247,76,TE,2,14,0,45,6
4879277,Finn,Diggins,Finn Diggins,Finn Diggins,247,76,TE,2,14,0,45,6
4879277,Finn,Diggins,Finn Diggins,Finn Diggins,247,76,TE,2,14,0,45,6
4879277,Finn,Diggins,Finn Diggins,Finn Diggins,247,76,TE,2,14,0,45,6
4879277,Finn,Diggins,Finn Diggins,Finn Diggins,247,76,TE,2,14,0,45,6
4879277,Finn,Diggins,Finn Diggins,Finn Diggins,247,76,TE,2,14,0,45,6
4879277,Finn,Diggins,Finn Diggins,Finn Diggins,247,76,TE,2,14,0,45,6
4879946,Danny,Joiner,Danny Joiner,Danny Joiner,249,75,TE,2,20,0,90,7
4879946,Danny,Joiner,Danny Joiner,Danny Joiner,249,75,TE,2,20,0,90,7
4879946,Danny,Joiner,Danny Joiner,Danny Joiner,249,75,TE,2,20,0,90,7
4879946,Danny,Joiner,Danny Joiner,Danny Joiner,249,75,TE,2,20,0,90,7
4879946,Danny,Joiner,Danny Joiner,Danny Joiner,249,75,TE,2,20,0,90,7
4880181,Cade,Conley,Cade Conley,Cade Conley,239,76,TE,2,27,1,215,23
4880181,Cade,Conley,Cade Conley,Cade Conley,239,76,TE,2,27,1,215,23
4880181,Cade,Conley,Cade Conley,Cade Conley,239,76,TE,2,27,1,215,23
4880181,Cade,Conley,Cade Conley,Cade Conley,239,76,TE,2,27,1,215,23
4880236,Will,Kacmarek,Will Kacmarek,Will Kacmarek,256,78,TE,2,36,2,243,22
4880236,Will,Kacmarek,Will Kacmarek,Will Kacmarek,256,78,TE,2,36,2,243,22
4880301,Austin,Jarrard,Austin Jarrard,Austin Jarrard,242,75,TE,3,5,1,9,2
4880301,Austin,Jarrard,Austin Jarrard,Austin Jarrard,242,75,TE,3,5,1,9,2
4880301,Austin,Jarrard,Austin Jarrard,Austin Jarrard,242,75,TE,3,5,1,9,2
4880369,Davis,Sherwood,Davis Sherwood,Davis Sherwood,240,75,TE,3,10,1,18,2
4880369,Davis,Sherwood,Davis Sherwood,Davis Sherwood,240,75,TE,3,10,1,18,2
4880369,Davis,Sherwood,Davis Sherwood,Davis Sherwood,240,75,TE,3,10,1,18,2
4880449,Blake,Bosma,Blake Bosma,Blake Bosma,230,75,TE,2,58,2,317,19
4880449,Blake,Bosma,Blake Bosma,Blake Bosma,230,75,TE,2,58,2,317,19
4880449,Blake,Bosma,Blake Bosma,Blake Bosma,230,75,TE,2,58,2,317,19
4880644,Bryce,Damous,Bryce Damous,Bryce Damous,240,75,TE,4,42,3,242,24
4880644,Bryce,Damous,Bryce Damous,Bryce Damous,240,75,TE,4,42,3,242,24
4880644,Bryce,Damous,Bryce Damous,Bryce Damous,240,75,TE,4,42,3,242,24
4880644,Bryce,Damous,Bryce Damous,Bryce Damous,240,75,TE,4,42,3,242,24
4880774,Jake,Boust,Jake Boust,Jake Boust,238,76,TE,4,12,1,30,4
4880870,Xzavior,Kautai,Xzavior Kautai,Xzavior Kautai,235,72,TE,2,12,2,42,7
4880906,Phil,Pasmeg,Phil Pasmeg,Phil Pasmeg,230,74,TE,4,18,0,43,4
4880906,Phil,Pasmeg,Phil Pasmeg,Phil Pasmeg,230,74,TE,4,18,0,43,4
4882061,Jake,Newell,Jake Newell,Jake Newell,240,76,TE,1,29,1,124,13
4882121,Nicholas,Dobson,Nicholas Dobson,Nicholas Dobson,245,75,TE,3,20,0,84,8
4882121,Nicholas,Dobson,Nicholas Dobson,Nicholas Dobson,245,75,TE,3,20,0,84,8
4884418,TK,Paisant,TK Paisant,TK Paisant,265,77,TE,2,41,4,182,11
4885469,Darrin,Fugitt,Darrin Fugitt,Darrin Fugitt,228,75,TE,1,15,0,86,11
4885471,Abraham,Haerr,Abraham Haerr,Abraham Haerr,220,76,TE,1,45,0,67,3
4886073,Aidan,Quinn,Aidan Quinn,Aidan Quinn,226,73,TE,3,40,3,347,27
4887824,Gary,Clinton,Gary Clinton,Gary Clinton,244,76,TE,2,19,3,70,9
4887824,Gary,Clinton,Gary Clinton,Gary Clinton,244,76,TE,2,19,3,70,9
4890881,Cameron,Ball,Cameron Ball,Cameron Ball,235,78,TE,1,32,0,82,8
4891709,Barry,White,Barry White,Barry White,190,73,TE,2,29,2,51,4
4892292,Connor,Finer,Connor Finer,Connor Finer,205,74,WR,3,29,0,56,4
4892292,Connor,Finer,Connor Finer,Connor Finer,205,74,WR,3,29,0,56,4
4893748,Connor,Hulstein,Connor Hulstein,Connor Hulstein,215,77,TE,3,16,2,59,5
4893750,Tyler,Picinic,Tyler Picinic,Tyler Picinic,230,75,TE,3,22,1,204,21
4894449,Miller,McCrumby,Miller McCrumby,Miller McCrumby,225,75,TE,2,21,0,114,12
4894451,Brennan,Parachek,Brennan Parachek,Brennan Parachek,250,77,TE,1,17,0,55,6
4894451,Brennan,Parachek,Brennan Parachek,Brennan Parachek,250,77,TE,1,17,0,55,6
4894451,Brennan,Parachek,Brennan Parachek,Brennan Parachek,250,77,TE,1,17,0,55,6
4896113,DJ,Nelson,DJ Nelson,DJ Nelson,230,77,TE,2,33,4,134,12
4896197,Caleb,Rillos,Caleb Rillos,Caleb Rillos,255,77,TE,4,35,0,91,7
4898018,Josh,Sapp,Josh Sapp,Josh Sapp,235,73,TE,1,25,2,56,6
4898018,Josh,Sapp,Josh Sapp,Josh Sapp,235,73,TE,1,25,2,56,6
4898018,Josh,Sapp,Josh Sapp,Josh Sapp,235,73,TE,1,25,2,56,6
4898018,Josh,Sapp,Josh Sapp,Josh Sapp,235,73,TE,1,25,2,56,6
4898018,Josh,Sapp,Josh Sapp,Josh Sapp,235,73,TE,1,25,2,56,6
4899418,Juice,Vereen,Juice Vereen,Juice Vereen,214,76,TE,1,22,0,65,4
4899418,Juice,Vereen,Juice Vereen,Juice Vereen,214,76,TE,1,22,0,65,4
4899418,Juice,Vereen,Juice Vereen,Juice Vereen,214,76,TE,1,22,0,65,4
4899418,Juice,Vereen,Juice Vereen,Juice Vereen,214,76,TE,1,22,0,65,4
4899418,Juice,Vereen,Juice Vereen,Juice Vereen,214,76,TE,1,22,0,65,4
4899418,Juice,Vereen,Juice Vereen,Juice Vereen,214,76,TE,1,22,0,65,4
4899418,Juice,Vereen,Juice Vereen,Juice Vereen,214,76,TE,1,22,0,65,4
4907786,Rocky,Beers,Rocky Beers,Rocky Beers,220,76,TE,2,32,1,166,18
4907786,Rocky,Beers,Rocky Beers,Rocky Beers,220,76,TE,2,32,1,166,18
4907786,Rocky,Beers,Rocky Beers,Rocky Beers,220,76,TE,2,32,1,166,18
4910222,Hawkins,Polley,Hawkins Polley,Hawkins Polley,249,75,TE,1,13,1,14,2
4910711,Justin,Holmes,Justin Holmes,Justin Holmes,237,75,TE,2,41,0,188,20
4910845,Thomas,Jewett,Thomas Jewett,Thomas Jewett,240,76,TE,1,11,0,42,9
4910845,Thomas,Jewett,Thomas Jewett,Thomas Jewett,240,76,TE,1,11,0,42,9
4910845,Thomas,Jewett,Thomas Jewett,Thomas Jewett,240,76,TE,1,11,0,42,9
4910845,Thomas,Jewett,Thomas Jewett,Thomas Jewett,240,76,TE,1,11,0,42,9
4912052,Justin,Joly,Justin Joly,Justin Joly,232,75,TE,2,59,2,578,56
4912052,Justin,Joly,Justin Joly,Justin Joly,232,75,TE,2,59,2,578,56
4912052,Justin,Joly,Justin Joly,Justin Joly,232,75,TE,2,59,2,578,56
4912052,Justin,Joly,Justin Joly,Justin Joly,232,75,TE,2,59,2,578,56
4912052,Justin,Joly,Justin Joly,Justin Joly,232,75,TE,2,59,2,578,56
4917296,Jacob,Barrick,Jacob Barrick,Jacob Barrick,230,75,TE,2,8,0,15,2
4917296,Jacob,Barrick,Jacob Barrick,Jacob Barrick,230,75,TE,2,8,0,15,2
4917427,Tanner,Koziol,Tanner Koziol,Tanner Koziol,230,79,TE,2,26,3,295,34
4917427,Tanner,Koziol,Tanner Koziol,Tanner Koziol,230,79,TE,2,26,3,295,34
4917427,Tanner,Koziol,Tanner Koziol,Tanner Koziol,230,79,TE,2,26,3,295,34
4917427,Tanner,Koziol,Tanner Koziol,Tanner Koziol,230,79,TE,2,26,3,295,34
4917427,Tanner,Koziol,Tanner Koziol,Tanner Koziol,230,79,TE,2,26,3,295,34
4917427,Tanner,Koziol,Tanner Koziol,Tanner Koziol,230,79,TE,2,26,3,295,34
4917427,Tanner,Koziol,Tanner Koziol,Tanner Koziol,230,79,TE,2,26,3,295,34
4917427,Tanner,Koziol,Tanner Koziol,Tanner Koziol,230,79,TE,2,26,3,295,34
4917427,Tanner,Koziol,Tanner Koziol,Tanner Koziol,230,79,TE,2,26,3,295,34
4917427,Tanner,Koziol,Tanner Koziol,Tanner Koziol,230,79,TE,2,26,3,295,34
4921305,Matthew,Klopfenstein,Matthew Klopfenstein,Matthew Klopfenstein,241,76,TE,1,6,0,15,3
4921305,Matthew,Klopfenstein,Matthew Klopfenstein,Matthew Klopfenstein,241,76,TE,1,6,0,15,3
4921305,Matthew,Klopfenstein,Matthew Klopfenstein,Matthew Klopfenstein,241,76,TE,1,6,0,15,3
4922996,Dylan,Wade,Dylan Wade,Dylan Wade,222,75,TE,1,3,1,3,2
4922996,Dylan,Wade,Dylan Wade,Dylan Wade,222,75,TE,1,3,1,3,2
4922996,Dylan,Wade,Dylan Wade,Dylan Wade,222,75,TE,1,3,1,3,2
4922996,Dylan,Wade,Dylan Wade,Dylan Wade,222,75,TE,1,3,1,3,2
4922996,Dylan,Wade,Dylan Wade,Dylan Wade,222,75,TE,1,3,1,3,2
4922996,Dylan,Wade,Dylan Wade,Dylan Wade,222,75,TE,1,3,1,3,2
4922996,Dylan,Wade,Dylan Wade,Dylan Wade,222,75,TE,1,3,1,3,2
4922996,Dylan,Wade,Dylan Wade,Dylan Wade,222,75,TE,1,3,1,3,2
4922996,Dylan,Wade,Dylan Wade,Dylan Wade,222,75,TE,1,3,1,3,2
4922996,Dylan,Wade,Dylan Wade,Dylan Wade,222,75,TE,1,3,1,3,2
5032961,Tucker,Ashcraft,Tucker Ashcraft,Tucker Ashcraft,245,77,TE,1,24,1,86,8
5032961,Tucker,Ashcraft,Tucker Ashcraft,Tucker Ashcraft,245,77,TE,1,24,1,86,8
5032961,Tucker,Ashcraft,Tucker Ashcraft,Tucker Ashcraft,245,77,TE,1,24,1,86,8
5032961,Tucker,Ashcraft,Tucker Ashcraft,Tucker Ashcraft,245,77,TE,1,24,1,86,8
5032961,Tucker,Ashcraft,Tucker Ashcraft,Tucker Ashcraft,245,77,TE,1,24,1,86,8
5032961,Tucker,Ashcraft,Tucker Ashcraft,Tucker Ashcraft,245,77,TE,1,24,1,86,8
5032961,Tucker,Ashcraft,Tucker Ashcraft,Tucker Ashcraft,245,77,TE,1,24,1,86,8
5032961,Tucker,Ashcraft,Tucker Ashcraft,Tucker Ashcraft,245,77,TE,1,24,1,86,8
5075912,George,Burhenn,George Burhenn,George Burhenn,220,77,TE,1,33,1,74,5
5075912,George,Burhenn,George Burhenn,George Burhenn,220,77,TE,1,33,1,74,5
5076651,Christian,Abney,Christian Abney,Christian Abney,220,77,TE,1,10,0,16,3
5077304,Zeke,Moore,Zeke Moore,Zeke Moore,240,74,TE,1,9,2,66,13
5077304,Zeke,Moore,Zeke Moore,Zeke Moore,240,74,TE,1,9,2,66,13
5077304,Zeke,Moore,Zeke Moore,Zeke Moore,240,74,TE,1,9,2,66,13
5077304,Zeke,Moore,Zeke Moore,Zeke Moore,240,74,TE,1,9,2,66,13
5077304,Zeke,Moore,Zeke Moore,Zeke Moore,240,74,TE,1,9,2,66,13
5077304,Zeke,Moore,Zeke Moore,Zeke Moore,240,74,TE,1,9,2,66,13
5077304,Zeke,Moore,Zeke Moore,Zeke Moore,240,74,TE,1,9,2,66,13
5077304,Zeke,Moore,Zeke Moore,Zeke Moore,240,74,TE,1,9,2,66,13
5077304,Zeke,Moore,Zeke Moore,Zeke Moore,240,74,TE,1,9,2,66,13
5077304,Zeke,Moore,Zeke Moore,Zeke Moore,240,74,TE,1,9,2,66,13
5077304,Zeke,Moore,Zeke Moore,Zeke Moore,240,74,TE,1,9,2,66,13
5077304,Zeke,Moore,Zeke Moore,Zeke Moore,240,74,TE,1,9,2,66,13
5077304,Zeke,Moore,Zeke Moore,Zeke Moore,240,74,TE,1,9,2,66,13
5077304,Zeke,Moore,Zeke Moore,Zeke Moore,240,74,TE,1,9,2,66,13
5077304,Zeke,Moore,Zeke Moore,Zeke Moore,240,74,TE,1,9,2,66,13
5077304,Zeke,Moore,Zeke Moore,Zeke Moore,240,74,TE,1,9,2,66,13
5077304,Zeke,Moore,Zeke Moore,Zeke Moore,240,74,TE,1,9,2,66,13
5080547,Peter,Clarke,Peter Clarke,Peter Clarke,250,78,TE,1,16,1,18,2
5080547,Peter,Clarke,Peter Clarke,Peter Clarke,250,78,TE,1,16,1,18,2
5080547,Peter,Clarke,Peter Clarke,Peter Clarke,250,78,TE,1,16,1,18,2
5080547,Peter,Clarke,Peter Clarke,Peter Clarke,250,78,TE,1,16,1,18,2
5080547,Peter,Clarke,Peter Clarke,Peter Clarke,250,78,TE,1,16,1,18,2
5080547,Peter,Clarke,Peter Clarke,Peter Clarke,250,78,TE,1,16,1,18,2
5080547,Peter,Clarke,Peter Clarke,Peter Clarke,250,78,TE,1,16,1,18,2
5080547,Peter,Clarke,Peter Clarke,Peter Clarke,250,78,TE,1,16,1,18,2
5080547,Peter,Clarke,Peter Clarke,Peter Clarke,250,78,TE,1,16,1,18,2
5080547,Peter,Clarke,Peter Clarke,Peter Clarke,250,78,TE,1,16,1,18,2
5080547,Peter,Clarke,Peter Clarke,Peter Clarke,250,78,TE,1,16,1,18,2
5080547,Peter,Clarke,Peter Clarke,Peter Clarke,250,78,TE,1,16,1,18,2
5080547,Peter,Clarke,Peter Clarke,Peter Clarke,250,78,TE,1,16,1,18,2
5080547,Peter,Clarke,Peter Clarke,Peter Clarke,250,78,TE,1,16,1,18,2
5080547,Peter,Clarke,Peter Clarke,Peter Clarke,250,78,TE,1,16,1,18,2
5080547,Peter,Clarke,Peter Clarke,Peter Clarke,250,78,TE,1,16,1,18,2
5080547,Peter,Clarke,Peter Clarke,Peter Clarke,250,78,TE,1,16,1,18,2
5080547,Peter,Clarke,Peter Clarke,Peter Clarke,250,78,TE,1,16,1,18,2
5081427,Jake,Young,Jake Young,Jake Young,240,75,TE,1,4,0,4,2
5081427,Jake,Young,Jake Young,Jake Young,240,75,TE,1,4,0,4,2
5081427,Jake,Young,Jake Young,Jake Young,240,75,TE,1,4,0,4,2
5081611,Mason,Williams,Mason Williams,Mason Williams,252,77,TE,1,34,1,78,3
5081611,Mason,Williams,Mason Williams,Mason Williams,252,77,TE,1,34,1,78,3
5081768,Jayson,Littlejohn,Jayson Littlejohn,Jayson Littlejohn,248,76,TE,4,6,2,24,6
5081768,Jayson,Littlejohn,Jayson Littlejohn,Jayson Littlejohn,248,76,TE,4,6,2,24,6
5081768,Jayson,Littlejohn,Jayson Littlejohn,Jayson Littlejohn,248,76,TE,4,6,2,24,6
5081768,Jayson,Littlejohn,Jayson Littlejohn,Jayson Littlejohn,248,76,TE,4,6,2,24,6
5081768,Jayson,Littlejohn,Jayson Littlejohn,Jayson Littlejohn,248,76,TE,4,6,2,24,6
5081768,Jayson,Littlejohn,Jayson Littlejohn,Jayson Littlejohn,248,76,TE,4,6,2,24,6
5081768,Jayson,Littlejohn,Jayson Littlejohn,Jayson Littlejohn,248,76,TE,4,6,2,24,6
5082284,Boden,Groen,Boden Groen,Boden Groen,227,75,TE,3,31,3,376,37
5082370,Dallas,Payne,Dallas Payne,Dallas Payne,240,76,TE,3,31,0,190,18
5082370,Dallas,Payne,Dallas Payne,Dallas Payne,240,76,TE,3,31,0,190,18
5082370,Dallas,Payne,Dallas Payne,Dallas Payne,240,76,TE,3,31,0,190,18
5082370,Dallas,Payne,Dallas Payne,Dallas Payne,240,76,TE,3,31,0,190,18
5082370,Dallas,Payne,Dallas Payne,Dallas Payne,240,76,TE,3,31,0,190,18
5082564,Titus,Lyons,Titus Lyons,Titus Lyons,235,75,TE,2,7,0,26,5
5082564,Titus,Lyons,Titus Lyons,Titus Lyons,235,75,TE,2,7,0,26,5
5082648,Bryce,Pierre,Bryce Pierre,Bryce Pierre,255,77,TE,4,20,0,139,17
5082648,Bryce,Pierre,Bryce Pierre,Bryce Pierre,255,77,TE,4,20,0,139,17
5082648,Bryce,Pierre,Bryce Pierre,Bryce Pierre,255,77,TE,4,20,0,139,17
5082648,Bryce,Pierre,Bryce Pierre,Bryce Pierre,255,77,TE,4,20,0,139,17
5082648,Bryce,Pierre,Bryce Pierre,Bryce Pierre,255,77,TE,4,20,0,139,17
5083076,Harold,Fannin Jr.,Harold Fannin Jr.,Harold Fannin Jr.,230,76,TE,2,56,6,573,39
5083135,Carson,Kent,Carson Kent,Carson Kent,240,76,TE,2,35,0,150,13
5083149,Tyrece,Fairly-Diyem,Tyrece Fairly-Diyem,Tyrece Fairly-Diyem,235,74,WR,1,62,4,418,29
5083249,Fisher,Clements,Fisher Clements,Fisher Clements,235,79,TE,2,6,1,15,3
5083271,Sean,McElwain,Sean McElwain,Sean McElwain,210,77,TE,1,35,0,283,21
5083271,Sean,McElwain,Sean McElwain,Sean McElwain,210,77,TE,1,35,0,283,21
5083315,Kenyon,Sadiq,Kenyon Sadiq,Kenyon Sadiq,235,75,TE,1,9,0,21,4
5083457,Colby,Ramshaw,Colby Ramshaw,Colby Ramshaw,240,77,TE,1,13,4,77,11
5083545,Coleman,Kuntz,Coleman Kuntz,Coleman Kuntz,220,75,TE,2,28,0,219,19
5083657,Rocco,Ciocca,Rocco Ciocca,Rocco Ciocca,225,77,TE,1,3,0,6,2
5083866,Dallas,Holmes,Dallas Holmes,Dallas Holmes,235,77,TE,2,53,2,142,7
5083889,Nick,Williams,Nick Williams,Nick Williams,240,76,TE,2,46,0,140,14
5083894,Camden,Overton,Camden Overton,Camden Overton,230,75,TE,2,17,1,93,13
5083979,DJ,Stevens,DJ Stevens,DJ Stevens,235,76,TE,4,70,5,216,20
5084032,Austin,York,Austin York,Austin York,240,74,TE,3,16,0,72,11
5084032,Austin,York,Austin York,Austin York,240,74,TE,3,16,0,72,11
5084115,Greyson,Morgan,Greyson Morgan,Greyson Morgan,230,74,TE,3,20,0,42,7
5084115,Greyson,Morgan,Greyson Morgan,Greyson Morgan,230,74,TE,3,20,0,42,7
5084233,Tyronne,Hayes,Tyronne Hayes,Tyronne Hayes,205,75,TE,2,30,1,35,2
5084307,Tristan,Ballard,Tristan Ballard,Tristan Ballard,240,78,TE,4,22,2,136,12
5084380,Dillon,Golden,Dillon Golden,Dillon Golden,235,76,TE,2,10,1,57,13
5084545,Bryson,Dickerson,Bryson Dickerson,Bryson Dickerson,240,76,TE,2,21,0,53,6
5084709,Cyrus,Wallace,Cyrus Wallace,Cyrus Wallace,227,75,WR,4,40,4,587,47
5084779,Nate,Damron,Nate Damron,Nate Damron,250,77,TE,2,10,0,27,4
5084779,Nate,Damron,Nate Damron,Nate Damron,250,77,TE,2,10,0,27,4
5084779,Nate,Damron,Nate Damron,Nate Damron,250,77,TE,2,10,0,27,4
5084779,Nate,Damron,Nate Damron,Nate Damron,250,77,TE,2,10,0,27,4
5084969,Cameron,Zeidler,Cameron Zeidler,Cameron Zeidler,225,76,TE,1,21,1,103,10
5084969,Cameron,Zeidler,Cameron Zeidler,Cameron Zeidler,225,76,TE,1,21,1,103,10
5084969,Cameron,Zeidler,Cameron Zeidler,Cameron Zeidler,225,76,TE,1,21,1,103,10
5084969,Cameron,Zeidler,Cameron Zeidler,Cameron Zeidler,225,76,TE,1,21,1,103,10
5085189,Jack,Endries,Jack Endries,Jack Endries,230,76,TE,1,32,2,385,32
5085189,Jack,Endries,Jack Endries,Jack Endries,230,76,TE,1,32,2,385,32
5085189,Jack,Endries,Jack Endries,Jack Endries,230,76,TE,1,32,2,385,32
5085189,Jack,Endries,Jack Endries,Jack Endries,230,76,TE,1,32,2,385,32
5085189,Jack,Endries,Jack Endries,Jack Endries,230,76,TE,1,32,2,385,32
5085509,Chris,Corbo,Chris Corbo,Chris Corbo,230,77,TE,2,14,2,81,9
5085598,Tanner,Beaman,Tanner Beaman,Tanner Beaman,220,75,TE,1,13,0,46,6
5085618,Keayen,Nead,Keayen Nead,Keayen Nead,250,77,TE,1,9,0,28,7
5085666,Christian,Berry,Christian Berry,Christian Berry,235,75,TE,2,27,2,85,4
5085681,Parker,Olthoff,Parker Olthoff,Parker Olthoff,220,75,TE,2,23,2,63,5
5085681,Parker,Olthoff,Parker Olthoff,Parker Olthoff,220,75,TE,2,23,2,63,5
5085831,Tahmir,Ellis,Tahmir Ellis,Tahmir Ellis,230,76,TE,2,19,0,52,4
5085832,Joseph,Bongono,Joseph Bongono,Joseph Bongono,235,78,TE,4,5,0,7,2
5085913,Austin,Bray,Austin Bray,Austin Bray,230,78,TE,2,19,1,33,3
5085913,Austin,Bray,Austin Bray,Austin Bray,230,78,TE,2,19,1,33,3
5086150,Ryan,Schwendeman,Ryan Schwendeman,Ryan Schwendeman,244,76,TE,1,17,0,50,6
5086178,Max,McCormick,Max McCormick,Max McCormick,235,77,TE,2,11,0,21,3
5086204,Matt,Buron,Matt Buron,Matt Buron,250,77,TE,2,11,0,17,2
5086204,Matt,Buron,Matt Buron,Matt Buron,250,77,TE,2,11,0,17,2
5086448,Kamrean,Johnson,Kamrean Johnson,Kamrean Johnson,221,77,TE,1,17,2,99,10
5086529,Cody,Hardy,Cody Hardy,Cody Hardy,266,77,TE,2,22,0,27,4
5086529,Cody,Hardy,Cody Hardy,Cody Hardy,266,77,TE,2,22,0,27,4
5086866,Davin,Driskell,Davin Driskell,Davin Driskell,215,78,TE,1,31,0,45,3
5086956,Elijah,Sessoms,Elijah Sessoms,Elijah Sessoms,245,75,TE,2,22,0,36,6
5087180,Jacob,Streit,Jacob Streit,Jacob Streit,242,76,TE,4,14,0,32,4
5088143,Terik,Mulder,Terik Mulder,Terik Mulder,230,77,TE,2,23,4,114,9
5088196,Noah,Canty,Noah Canty,Noah Canty,220,74,TE,3,41,2,272,25
5088255,Cody,Ruff,Cody Ruff,Cody Ruff,225,77,TE,2,12,0,13,2
5088255,Cody,Ruff,Cody Ruff,Cody Ruff,225,77,TE,2,12,0,13,2
5088375,Jake,Bruno,Jake Bruno,Jake Bruno,240,77,TE,2,43,2,132,10
5088378,Scott,Raymond,Scott Raymond,Scott Raymond,235,75,TE,1,15,0,23,2
5088378,Scott,Raymond,Scott Raymond,Scott Raymond,235,75,TE,1,15,0,23,2
5088378,Scott,Raymond,Scott Raymond,Scott Raymond,235,75,TE,1,15,0,23,2
5088378,Scott,Raymond,Scott Raymond,Scott Raymond,235,75,TE,1,15,0,23,2
5089021,Patrick,Wagner,Patrick Wagner,Patrick Wagner,232,75,TE,2,30,4,119,9
5089021,Patrick,Wagner,Patrick Wagner,Patrick Wagner,232,75,TE,2,30,4,119,9
5089378,Max,Carter,Max Carter,Max Carter,250,77,TE,1,18,0,24,2
5089379,Jalen,Jones,Jalen Jones,Jalen Jones,240,73,TE,3,4,0,7,2
5089379,Jalen,Jones,Jalen Jones,Jalen Jones,240,73,TE,3,4,0,7,2
5089379,Jalen,Jones,Jalen Jones,Jalen Jones,240,73,TE,3,4,0,7,2
5089379,Jalen,Jones,Jalen Jones,Jalen Jones,240,73,TE,3,4,0,7,2
5089868,Covadis,Knighten,Covadis Knighten,Covadis Knighten,280,74,TE,2,18,0,78,11
5089868,Covadis,Knighten,Covadis Knighten,Covadis Knighten,280,74,TE,2,18,0,78,11
5089868,Covadis,Knighten,Covadis Knighten,Covadis Knighten,280,74,TE,2,18,0,78,11
5089868,Covadis,Knighten,Covadis Knighten,Covadis Knighten,280,74,TE,2,18,0,78,11
5089868,Covadis,Knighten,Covadis Knighten,Covadis Knighten,280,74,TE,2,18,0,78,11
5089868,Covadis,Knighten,Covadis Knighten,Covadis Knighten,280,74,TE,2,18,0,78,11
5089868,Covadis,Knighten,Covadis Knighten,Covadis Knighten,280,74,TE,2,18,0,78,11
5089868,Covadis,Knighten,Covadis Knighten,Covadis Knighten,280,74,TE,2,18,0,78,11
5089868,Covadis,Knighten,Covadis Knighten,Covadis Knighten,280,74,TE,2,18,0,78,11
5089868,Covadis,Knighten,Covadis Knighten,Covadis Knighten,280,74,TE,2,18,0,78,11
5089868,Covadis,Knighten,Covadis Knighten,Covadis Knighten,280,74,TE,2,18,0,78,11
5089868,Covadis,Knighten,Covadis Knighten,Covadis Knighten,280,74,TE,2,18,0,78,11
5092788,Nate,Jones,Nate Jones,Nate Jones,220,75,TE,3,33,0,112,13
5092824,Sawyer,Burt,Sawyer Burt,Sawyer Burt,243,76,TE,1,16,0,37,3
5092954,Max,Dowling,Max Dowling,Max Dowling,245,78,TE,1,9,2,20,3
5092954,Max,Dowling,Max Dowling,Max Dowling,245,78,TE,1,9,2,20,3
5093217,Kaleb,Heatherly,Kaleb Heatherly,Kaleb Heatherly,255,77,TE,2,4,0,7,2
5093347,Peyton,Smith,Peyton Smith,Peyton Smith,240,76,TE,2,18,1,43,4
5093396,Rylan,Schlepp,Rylan Schlepp,Rylan Schlepp,243,76,TE,1,12,1,21,2
5093753,Francisco,Calderon,Francisco Calderon,Francisco Calderon,230,75,TE,3,18,0,44,5
5093836,Evan,King,Evan King,Evan King,245,77,TE,2,35,2,106,9
5093964,Austin,Samaha,Austin Samaha,Austin Samaha,241,74,TE,2,26,0,222,16
5093987,Zadock,Dinkelmann,Zadock Dinkelmann,Zadock Dinkelmann,243,75,QB,4,38,0,63,5
5093994,Dawson,Hearne,Dawson Hearne,Dawson Hearne,240,76,TE,2,38,1,73,6
5093994,Dawson,Hearne,Dawson Hearne,Dawson Hearne,240,76,TE,2,38,1,73,6
5095120,Tayshaun,Mayfield,Tayshaun Mayfield,Tayshaun Mayfield,230,74,TE,2,7,1,8,2
5095138,Trevor,Wilson,Trevor Wilson,Trevor Wilson,235,76,TE,2,15,0,20,2
5095834,Luke,Bracey,Luke Bracey,Luke Bracey,255,78,TE,2,25,2,98,7
5095834,Luke,Bracey,Luke Bracey,Luke Bracey,255,78,TE,2,25,2,98,7
5096834,Dylan,Domel,Dylan Domel,Dylan Domel,230,75,TE,2,18,0,56,5
5096867,Jeffery,Pearson,Jeffery Pearson,Jeffery Pearson,205,72,TE,2,27,0,53,4
5096912,Jack,McManus,Jack McManus,Jack McManus,240,74,RB,1,10,0,10,2
5096912,Jack,McManus,Jack McManus,Jack McManus,240,74,RB,1,10,0,10,2
5096912,Jack,McManus,Jack McManus,Jack McManus,240,74,RB,1,10,0,10,2
5097854,Lance,Mason,Lance Mason,Lance Mason,240,75,TE,2,40,1,115,10
5097854,Lance,Mason,Lance Mason,Lance Mason,240,75,TE,2,40,1,115,10
5098435,Elijah,Sohn,Elijah Sohn,Elijah Sohn,250,76,TE,3,28,2,159,15
5098591,Carter,Moses,Carter Moses,Carter Moses,225,77,TE,1,21,0,47,4
5098754,Dupree,Fuller,Dupree Fuller,Dupree Fuller,225,75,TE,4,11,0,15,2
5098754,Dupree,Fuller,Dupree Fuller,Dupree Fuller,225,75,TE,4,11,0,15,2
5098754,Dupree,Fuller,Dupree Fuller,Dupree Fuller,225,75,TE,4,11,0,15,2
5098754,Dupree,Fuller,Dupree Fuller,Dupree Fuller,225,75,TE,4,11,0,15,2
5098754,Dupree,Fuller,Dupree Fuller,Dupree Fuller,225,75,TE,4,11,0,15,2
5098754,Dupree,Fuller,Dupree Fuller,Dupree Fuller,225,75,TE,4,11,0,15,2
5098754,Dupree,Fuller,Dupree Fuller,Dupree Fuller,225,75,TE,4,11,0,15,2
5098754,Dupree,Fuller,Dupree Fuller,Dupree Fuller,225,75,TE,4,11,0,15,2
5098754,Dupree,Fuller,Dupree Fuller,Dupree Fuller,225,75,TE,4,11,0,15,2
5098754,Dupree,Fuller,Dupree Fuller,Dupree Fuller,225,75,TE,4,11,0,15,2
5098754,Dupree,Fuller,Dupree Fuller,Dupree Fuller,225,75,TE,4,11,0,15,2
5098754,Dupree,Fuller,Dupree Fuller,Dupree Fuller,225,75,TE,4,11,0,15,2
5098754,Dupree,Fuller,Dupree Fuller,Dupree Fuller,225,75,TE,4,11,0,15,2
5098754,Dupree,Fuller,Dupree Fuller,Dupree Fuller,225,75,TE,4,11,0,15,2
5121453,Eli,Finley,Eli Finley,Eli Finley,245,77,TE,1,5,0,10,2
5121453,Eli,Finley,Eli Finley,Eli Finley,245,77,TE,1,5,0,10,2
5121453,Eli,Finley,Eli Finley,Eli Finley,245,77,TE,1,5,0,10,2
5121648,Blake,Daniels,Blake Daniels,Blake Daniels,243,77,TE,4,37,0,149,13
5121648,Blake,Daniels,Blake Daniels,Blake Daniels,243,77,TE,4,37,0,149,13
5121648,Blake,Daniels,Blake Daniels,Blake Daniels,243,77,TE,4,37,0,149,13
5121648,Blake,Daniels,Blake Daniels,Blake Daniels,243,77,TE,4,37,0,149,13
5121648,Blake,Daniels,Blake Daniels,Blake Daniels,243,77,TE,4,37,0,149,13
5121648,Blake,Daniels,Blake Daniels,Blake Daniels,243,77,TE,4,37,0,149,13
5121648,Blake,Daniels,Blake Daniels,Blake Daniels,243,77,TE,4,37,0,149,13
5121648,Blake,Daniels,Blake Daniels,Blake Daniels,243,77,TE,4,37,0,149,13
5121648,Blake,Daniels,Blake Daniels,Blake Daniels,243,77,TE,4,37,0,149,13
5121648,Blake,Daniels,Blake Daniels,Blake Daniels,243,77,TE,4,37,0,149,13
5121648,Blake,Daniels,Blake Daniels,Blake Daniels,243,77,TE,4,37,0,149,13
5121648,Blake,Daniels,Blake Daniels,Blake Daniels,243,77,TE,4,37,0,149,13
5121648,Blake,Daniels,Blake Daniels,Blake Daniels,243,77,TE,4,37,0,149,13
5121648,Blake,Daniels,Blake Daniels,Blake Daniels,243,77,TE,4,37,0,149,13
5121648,Blake,Daniels,Blake Daniels,Blake Daniels,243,77,TE,4,37,0,149,13
5125726,CC,Ezirim,CC Ezirim,CC Ezirim,245,79,TE,1,35,0,82,4
5125734,Luke,McGary,Luke McGary,Luke McGary,225,75,TE,1,24,3,115,9
5125734,Luke,McGary,Luke McGary,Luke McGary,225,75,TE,1,24,3,115,9
5125734,Luke,McGary,Luke McGary,Luke McGary,225,75,TE,1,24,3,115,9
5125734,Luke,McGary,Luke McGary,Luke McGary,225,75,TE,1,24,3,115,9
5125734,Luke,McGary,Luke McGary,Luke McGary,225,75,TE,1,24,3,115,9
5125734,Luke,McGary,Luke McGary,Luke McGary,225,75,TE,1,24,3,115,9
5125734,Luke,McGary,Luke McGary,Luke McGary,225,75,TE,1,24,3,115,9
5125734,Luke,McGary,Luke McGary,Luke McGary,225,75,TE,1,24,3,115,9
5125734,Luke,McGary,Luke McGary,Luke McGary,225,75,TE,1,24,3,115,9
5125734,Luke,McGary,Luke McGary,Luke McGary,225,75,TE,1,24,3,115,9
5125734,Luke,McGary,Luke McGary,Luke McGary,225,75,TE,1,24,3,115,9
5125734,Luke,McGary,Luke McGary,Luke McGary,225,75,TE,1,24,3,115,9
5125734,Luke,McGary,Luke McGary,Luke McGary,225,75,TE,1,24,3,115,9
5125734,Luke,McGary,Luke McGary,Luke McGary,225,75,TE,1,24,3,115,9
5125734,Luke,McGary,Luke McGary,Luke McGary,225,75,TE,1,24,3,115,9
5125734,Luke,McGary,Luke McGary,Luke McGary,225,75,TE,1,24,3,115,9
5125734,Luke,McGary,Luke McGary,Luke McGary,225,75,TE,1,24,3,115,9
5125734,Luke,McGary,Luke McGary,Luke McGary,225,75,TE,1,24,3,115,9
5150561,Olsen,Patt-Henry,Olsen Patt-Henry,Olsen Patt-Henry,240,75,TE,1,12,0,17,2
5150561,Olsen,Patt-Henry,Olsen Patt-Henry,Olsen Patt-Henry,240,75,TE,1,12,0,17,2
5150561,Olsen,Patt-Henry,Olsen Patt-Henry,Olsen Patt-Henry,240,75,TE,1,12,0,17,2
5150561,Olsen,Patt-Henry,Olsen Patt-Henry,Olsen Patt-Henry,240,75,TE,1,12,0,17,2
5150561,Olsen,Patt-Henry,Olsen Patt-Henry,Olsen Patt-Henry,240,75,TE,1,12,0,17,2
5150561,Olsen,Patt-Henry,Olsen Patt-Henry,Olsen Patt-Henry,240,75,TE,1,12,0,17,2
5150561,Olsen,Patt-Henry,Olsen Patt-Henry,Olsen Patt-Henry,240,75,TE,1,12,0,17,2
5150561,Olsen,Patt-Henry,Olsen Patt-Henry,Olsen Patt-Henry,240,75,TE,1,12,0,17,2
5150561,Olsen,Patt-Henry,Olsen Patt-Henry,Olsen Patt-Henry,240,75,TE,1,12,0,17,2
5150561,Olsen,Patt-Henry,Olsen Patt-Henry,Olsen Patt-Henry,240,75,TE,1,12,0,17,2
5150561,Olsen,Patt-Henry,Olsen Patt-Henry,Olsen Patt-Henry,240,75,TE,1,12,0,17,2
5150989,Billy,Durocher,Billy Durocher,Billy Durocher,240,75,TE,3,6,0,12,2
5150989,Billy,Durocher,Billy Durocher,Billy Durocher,240,75,TE,3,6,0,12,2
5150989,Billy,Durocher,Billy Durocher,Billy Durocher,240,75,TE,3,6,0,12,2
5150989,Billy,Durocher,Billy Durocher,Billy Durocher,240,75,TE,3,6,0,12,2
5150989,Billy,Durocher,Billy Durocher,Billy Durocher,240,75,TE,3,6,0,12,2
5150989,Billy,Durocher,Billy Durocher,Billy Durocher,240,75,TE,3,6,0,12,2
5150989,Billy,Durocher,Billy Durocher,Billy Durocher,240,75,TE,3,6,0,12,2
5151193,Marcus,Vinson,Marcus Vinson,Marcus Vinson,255,76,TE,2,29,1,40,3
5151193,Marcus,Vinson,Marcus Vinson,Marcus Vinson,255,76,TE,2,29,1,40,3
5151193,Marcus,Vinson,Marcus Vinson,Marcus Vinson,255,76,TE,2,29,1,40,3
5151193,Marcus,Vinson,Marcus Vinson,Marcus Vinson,255,76,TE,2,29,1,40,3
5151193,Marcus,Vinson,Marcus Vinson,Marcus Vinson,255,76,TE,2,29,1,40,3
5151379,Andrew,Schnackenberg,Andrew Schnackenberg,Andrew Schnackenberg,230,77,TE,3,6,1,8,2
5151379,Andrew,Schnackenberg,Andrew Schnackenberg,Andrew Schnackenberg,230,77,TE,3,6,1,8,2
5151382,Vince,Brown II,Vince Brown II,Vince Brown II,235,79,TE,3,11,0,32,4
5151382,Vince,Brown II,Vince Brown II,Vince Brown II,235,79,TE,3,11,0,32,4
5151382,Vince,Brown II,Vince Brown II,Vince Brown II,235,79,TE,3,11,0,32,4
5151382,Vince,Brown II,Vince Brown II,Vince Brown II,235,79,TE,3,11,0,32,4
5151382,Vince,Brown II,Vince Brown II,Vince Brown II,235,79,TE,3,11,0,32,4
5151382,Vince,Brown II,Vince Brown II,Vince Brown II,235,79,TE,3,11,0,32,4
5151382,Vince,Brown II,Vince Brown II,Vince Brown II,235,79,TE,3,11,0,32,4
5151528,Ethan,Conner,Ethan Conner,Ethan Conner,225,76,TE,3,19,4,136,13
5151609,Everett,Hunter,Everett Hunter,Everett Hunter,233,77,TE,2,16,0,18,2
5151609,Everett,Hunter,Everett Hunter,Everett Hunter,233,77,TE,2,16,0,18,2
5151609,Everett,Hunter,Everett Hunter,Everett Hunter,233,77,TE,2,16,0,18,2
5151609,Everett,Hunter,Everett Hunter,Everett Hunter,233,77,TE,2,16,0,18,2
5151609,Everett,Hunter,Everett Hunter,Everett Hunter,233,77,TE,2,16,0,18,2
5151609,Everett,Hunter,Everett Hunter,Everett Hunter,233,77,TE,2,16,0,18,2
5151609,Everett,Hunter,Everett Hunter,Everett Hunter,233,77,TE,2,16,0,18,2
5151609,Everett,Hunter,Everett Hunter,Everett Hunter,233,77,TE,2,16,0,18,2
5151609,Everett,Hunter,Everett Hunter,Everett Hunter,233,77,TE,2,16,0,18,2
5151609,Everett,Hunter,Everett Hunter,Everett Hunter,233,77,TE,2,16,0,18,2
5151966,Jalen,Butler,Jalen Butler,Jalen Butler,234,76,TE,2,13,0,40,8
5151966,Jalen,Butler,Jalen Butler,Jalen Butler,234,76,TE,2,13,0,40,8
5151966,Jalen,Butler,Jalen Butler,Jalen Butler,234,76,TE,2,13,0,40,8
5151966,Jalen,Butler,Jalen Butler,Jalen Butler,234,76,TE,2,13,0,40,8
5151966,Jalen,Butler,Jalen Butler,Jalen Butler,234,76,TE,2,13,0,40,8
5151966,Jalen,Butler,Jalen Butler,Jalen Butler,234,76,TE,2,13,0,40,8
5152167,Brendan,Doyle,Brendan Doyle,Brendan Doyle,255,76,TE,2,10,4,34,7
5152167,Brendan,Doyle,Brendan Doyle,Brendan Doyle,255,76,TE,2,10,4,34,7
5152167,Brendan,Doyle,Brendan Doyle,Brendan Doyle,255,76,TE,2,10,4,34,7
5152167,Brendan,Doyle,Brendan Doyle,Brendan Doyle,255,76,TE,2,10,4,34,7
5152167,Brendan,Doyle,Brendan Doyle,Brendan Doyle,255,76,TE,2,10,4,34,7
5152167,Brendan,Doyle,Brendan Doyle,Brendan Doyle,255,76,TE,2,10,4,34,7
5152167,Brendan,Doyle,Brendan Doyle,Brendan Doyle,255,76,TE,2,10,4,34,7
5152167,Brendan,Doyle,Brendan Doyle,Brendan Doyle,255,76,TE,2,10,4,34,7
5152167,Brendan,Doyle,Brendan Doyle,Brendan Doyle,255,76,TE,2,10,4,34,7
5152167,Brendan,Doyle,Brendan Doyle,Brendan Doyle,255,76,TE,2,10,4,34,7
5152167,Brendan,Doyle,Brendan Doyle,Brendan Doyle,255,76,TE,2,10,4,34,7
5152167,Brendan,Doyle,Brendan Doyle,Brendan Doyle,255,76,TE,2,10,4,34,7
5152167,Brendan,Doyle,Brendan Doyle,Brendan Doyle,255,76,TE,2,10,4,34,7
5152167,Brendan,Doyle,Brendan Doyle,Brendan Doyle,255,76,TE,2,10,4,34,7
5152167,Brendan,Doyle,Brendan Doyle,Brendan Doyle,255,76,TE,2,10,4,34,7
5152167,Brendan,Doyle,Brendan Doyle,Brendan Doyle,255,76,TE,2,10,4,34,7
5152167,Brendan,Doyle,Brendan Doyle,Brendan Doyle,255,76,TE,2,10,4,34,7
5155194,Christian,Earls,Christian Earls,Christian Earls,255,80,TE,2,14,0,25,2
5155194,Christian,Earls,Christian Earls,Christian Earls,255,80,TE,2,14,0,25,2
5155194,Christian,Earls,Christian Earls,Christian Earls,255,80,TE,2,14,0,25,2
5155194,Christian,Earls,Christian Earls,Christian Earls,255,80,TE,2,14,0,25,2
5155194,Christian,Earls,Christian Earls,Christian Earls,255,80,TE,2,14,0,25,2
5155194,Christian,Earls,Christian Earls,Christian Earls,255,80,TE,2,14,0,25,2
5155194,Christian,Earls,Christian Earls,Christian Earls,255,80,TE,2,14,0,25,2
5155194,Christian,Earls,Christian Earls,Christian Earls,255,80,TE,2,14,0,25,2
5155194,Christian,Earls,Christian Earls,Christian Earls,255,80,TE,2,14,0,25,2
5155194,Christian,Earls,Christian Earls,Christian Earls,255,80,TE,2,14,0,25,2
5155194,Christian,Earls,Christian Earls,Christian Earls,255,80,TE,2,14,0,25,2
5155194,Christian,Earls,Christian Earls,Christian Earls,255,80,TE,2,14,0,25,2
5155194,Christian,Earls,Christian Earls,Christian Earls,255,80,TE,2,14,0,25,2
5155194,Christian,Earls,Christian Earls,Christian Earls,255,80,TE,2,14,0,25,2
5155194,Christian,Earls,Christian Earls,Christian Earls,255,80,TE,2,14,0,25,2
5155194,Christian,Earls,Christian Earls,Christian Earls,255,80,TE,2,14,0,25,2
5155194,Christian,Earls,Christian Earls,Christian Earls,255,80,TE,2,14,0,25,2
5155194,Christian,Earls,Christian Earls,Christian Earls,255,80,TE,2,14,0,25,2
5155194,Christian,Earls,Christian Earls,Christian Earls,255,80,TE,2,14,0,25,2
5155194,Christian,Earls,Christian Earls,Christian Earls,255,80,TE,2,14,0,25,2
5155194,Christian,Earls,Christian Earls,Christian Earls,255,80,TE,2,14,0,25,2
5155194,Christian,Earls,Christian Earls,Christian Earls,255,80,TE,2,14,0,25,2
5155194,Christian,Earls,Christian Earls,Christian Earls,255,80,TE,2,14,0,25,2
5155194,Christian,Earls,Christian Earls,Christian Earls,255,80,TE,2,14,0,25,2
5155194,Christian,Earls,Christian Earls,Christian Earls,255,80,TE,2,14,0,25,2
5155194,Christian,Earls,Christian Earls,Christian Earls,255,80,TE,2,14,0,25,2
5155194,Christian,Earls,Christian Earls,Christian Earls,255,80,TE,2,14,0,25,2
5155194,Christian,Earls,Christian Earls,Christian Earls,255,80,TE,2,14,0,25,2
5155194,Christian,Earls,Christian Earls,Christian Earls,255,80,TE,2,14,0,25,2
5155194,Christian,Earls,Christian Earls,Christian Earls,255,80,TE,2,14,0,25,2
5160086,Desirrio,Riles,Desirrio Riles,Desirrio Riles,247,75,TE,1,14,0,30,9
5160086,Desirrio,Riles,Desirrio Riles,Desirrio Riles,247,75,TE,1,14,0,30,9
5160086,Desirrio,Riles,Desirrio Riles,Desirrio Riles,247,75,TE,1,14,0,30,9
5160131,Adam,Moore,Adam Moore,Adam Moore,249,74,TE,1,52,0,67,4
5160131,Adam,Moore,Adam Moore,Adam Moore,249,74,TE,1,52,0,67,4
5160131,Adam,Moore,Adam Moore,Adam Moore,249,74,TE,1,52,0,67,4
5160131,Adam,Moore,Adam Moore,Adam Moore,249,74,TE,1,52,0,67,4
5160131,Adam,Moore,Adam Moore,Adam Moore,249,74,TE,1,52,0,67,4
5160131,Adam,Moore,Adam Moore,Adam Moore,249,74,TE,1,52,0,67,4
5160131,Adam,Moore,Adam Moore,Adam Moore,249,74,TE,1,52,0,67,4
5160131,Adam,Moore,Adam Moore,Adam Moore,249,74,TE,1,52,0,67,4
5160131,Adam,Moore,Adam Moore,Adam Moore,249,74,TE,1,52,0,67,4
5160131,Adam,Moore,Adam Moore,Adam Moore,249,74,TE,1,52,0,67,4
5160131,Adam,Moore,Adam Moore,Adam Moore,249,74,TE,1,52,0,67,4
5160131,Adam,Moore,Adam Moore,Adam Moore,249,74,TE,1,52,0,67,4
5160131,Adam,Moore,Adam Moore,Adam Moore,249,74,TE,1,52,0,67,4
5160131,Adam,Moore,Adam Moore,Adam Moore,249,74,TE,1,52,0,67,4
5163026,Wyatt,McClour,Wyatt McClour,Wyatt McClour,242,75,TE,2,29,1,47,2
5163026,Wyatt,McClour,Wyatt McClour,Wyatt McClour,242,75,TE,2,29,1,47,2
5163026,Wyatt,McClour,Wyatt McClour,Wyatt McClour,242,75,TE,2,29,1,47,2
