athlete_id,first_name,last_name,full_name,display_name,weight,height,position_abbreviation,kicking_extra_point_attempts,kicking_extra_points_made,kicking_field_goal_attempts,kicking_field_goals_made,kicking_long_field_goal_made,kicking_field_goal_attempts40_49,kicking_field_goal_attempts50_59,kicking_field_goal_attempts60_99,kicking_field_goals_made40_49,kicking_field_goals_made50_59,kicking_field_goals_made60_99
4248400,Nico,Ramos,Nico Ramos,Nico Ramos,199,71,PK,27,25,11,9,0,0,0,0,0,0,0
4361537,Matthew,Mercurio,Matthew Mercurio,Matthew Mercurio,195,73,PK,55,53,13,10,0,0,0,0,0,0,0
4361765,Brayden,Narveson,Brayden Narveson,Brayden Narveson,210,72,PK,37,37,20,16,57,7,3,0,7,1,0
4361831,Alex,Hale,Alex Hale,Alex Hale,205,72,PK,38,36,32,26,53,9,4,0,6,3,0
4361831,Alex,Hale,Alex Hale,Alex Hale,205,72,PK,38,36,32,26,53,9,4,0,6,3,0
4363440,Wilson,Beaverstock,Wilson Beaverstock,Wilson Beaverstock,210,72,PK,43,40,11,6,0,0,0,0,0,0,0
4365775,Cody,Williams,Cody Williams,Cody Williams,181,70,PK,32,32,10,7,0,0,0,0,0,0,0
4366638,Camden,Wise,Camden Wise,Camden Wise,178,73,PK,50,50,18,16,46,2,0,0,1,0,0
4367029,Perry,Shelbred,Perry Shelbred,Perry Shelbred,170,70,PK,24,21,19,10,0,0,0,0,0,0,0
4370040,Richard,McCollum,Richard McCollum,Richard McCollum,175,69,PK,52,51,14,14,0,0,0,0,0,0,0
4370409,Caleb,Dowden,Caleb Dowden,Caleb Dowden,175,71,PK,40,37,11,5,0,0,0,0,0,0,0
4370409,Caleb,Dowden,Caleb Dowden,Caleb Dowden,175,71,PK,40,37,11,5,0,0,0,0,0,0,0
4371944,Caleb,Griffin,Caleb Griffin,Caleb Griffin,220,75,PK,26,24,19,14,53,8,4,0,5,2,0
4371971,Charles,Campbell,Charles Campbell,Charles Campbell,181,69,PK,44,44,23,18,49,5,3,0,3,0,0
4372718,Dario,Longhetto,Dario Longhetto,Dario Longhetto,185,72,PK,20,20,16,11,51,2,3,0,0,1,0
4373235,Camden,Price,Camden Price,Camden Price,175,73,PK,26,24,12,7,42,7,0,0,4,0,0
4373452,Alex,McNulty,Alex McNulty,Alex McNulty,230,73,PK,26,26,19,11,53,9,5,0,8,2,0
4373653,Kenneth,Almendares,Kenneth Almendares,Kenneth Almendares,249,74,PK,47,46,14,13,46,3,0,0,2,0,0
4374078,Stephen,Ruiz,Stephen Ruiz,Stephen Ruiz,220,77,PK,2,2,3,0,0,0,0,0,0,0,0
4374078,Stephen,Ruiz,Stephen Ruiz,Stephen Ruiz,220,77,PK,2,2,3,0,0,0,0,0,0,0,0
4374078,Stephen,Ruiz,Stephen Ruiz,Stephen Ruiz,220,77,PK,2,2,3,0,0,0,0,0,0,0,0
4383276,Thomas,Burks,Thomas Burks,Thomas Burks,189,73,PK,8,6,7,6,0,0,0,0,0,0,0
4383276,Thomas,Burks,Thomas Burks,Thomas Burks,189,73,PK,8,6,7,6,0,0,0,0,0,0,0
4383276,Thomas,Burks,Thomas Burks,Thomas Burks,189,73,PK,8,6,7,6,0,0,0,0,0,0,0
4427174,Alex,Felkins,Alex Felkins,Alex Felkins,200,75,PK,45,45,22,18,50,9,3,0,7,1,0
4427798,Camden,Lewis,Camden Lewis,Camden Lewis,205,70,PK,65,65,17,11,45,6,1,0,3,0,0
4428310,Noah,Rauschenberg,Noah Rauschenberg,Noah Rauschenberg,198,72,PK,46,46,19,16,49,6,1,0,4,0,0
4428310,Noah,Rauschenberg,Noah Rauschenberg,Noah Rauschenberg,198,72,PK,46,46,19,16,49,6,1,0,4,0,0
4429098,Jacob,Borcila,Jacob Borcila,Jacob Borcila,191,73,PK,30,29,10,7,44,5,0,0,3,0,0
4429715,Diego,Guajardo,Diego Guajardo,Diego Guajardo,185,72,PK,38,36,18,13,51,7,4,0,5,1,0
4429715,Diego,Guajardo,Diego Guajardo,Diego Guajardo,185,72,PK,38,36,18,13,51,7,4,0,5,1,0
4429860,Tim,Horn,Tim Horn,Tim Horn,225,74,PK,44,44,12,8,48,5,0,0,3,0,0
4430026,Michael,Lantz,Michael Lantz,Michael Lantz,190,72,PK,42,42,28,23,48,9,1,0,6,0,0
4430026,Michael,Lantz,Michael Lantz,Michael Lantz,190,72,PK,42,42,28,23,48,9,1,0,6,0,0
4430529,Andrew,Stein,Andrew Stein,Andrew Stein,190,70,PK,28,27,23,17,52,7,2,0,4,1,0
4430529,Andrew,Stein,Andrew Stein,Andrew Stein,190,70,PK,28,27,23,17,52,7,2,0,4,1,0
4431434,Brock,Travelstead,Brock Travelstead,Brock Travelstead,205,73,PK,41,39,24,17,53,6,2,0,4,1,0
4431434,Brock,Travelstead,Brock Travelstead,Brock Travelstead,205,73,PK,41,39,24,17,53,6,2,0,4,1,0
4432538,Jake,Seibert,Jake Seibert,Jake Seibert,197,73,PK,4,4,5,2,30,2,0,0,0,0,0
4432538,Jake,Seibert,Jake Seibert,Jake Seibert,197,73,PK,4,4,5,2,30,2,0,0,0,0,0
4432538,Jake,Seibert,Jake Seibert,Jake Seibert,197,73,PK,4,4,5,2,30,2,0,0,0,0,0
4565772,Matthew,Shipley,Matthew Shipley,Matthew Shipley,190,73,PK,31,30,18,14,51,5,4,0,2,3,0
4566158,Ben,Sauls,Ben Sauls,Ben Sauls,185,70,PK,28,28,16,11,47,7,3,0,5,0,0
4566164,Jack,Olsen,Jack Olsen,Jack Olsen,190,70,PK,31,31,17,14,47,5,1,0,4,0,0
4566192,Joshua,Karty,Joshua Karty,Joshua Karty,208,74,PK,21,21,27,23,56,7,7,0,7,4,0
4567104,Will,Reichard,Will Reichard,Will Reichard,194,73,PK,53,53,23,20,51,10,3,0,7,3,0
4567141,Jack,Martin,Jack Martin,Jack Martin,190,72,PK,34,34,14,8,44,7,2,0,3,0,0
4567475,Patrick,Nations,Patrick Nations,Patrick Nations,182,72,PK,32,31,25,19,0,0,0,0,0,0,0
4567491,Kyle,Ramsey,Kyle Ramsey,Kyle Ramsey,190,74,PK,34,33,15,14,0,0,0,0,0,0,0
4568222,Jonathan,Weitz,Jonathan Weitz,Jonathan Weitz,195,71,PK,28,28,17,11,50,7,2,0,3,1,0
4568263,Ryan,Fitzgerald,Ryan Fitzgerald,Ryan Fitzgerald,198,73,PK,58,58,20,18,48,6,0,0,5,0,0
4568263,Ryan,Fitzgerald,Ryan Fitzgerald,Ryan Fitzgerald,198,73,PK,58,58,20,18,48,6,0,0,5,0,0
4568415,Michael,Hayes,Michael Hayes,Michael Hayes,187,69,PK,43,43,17,14,49,6,2,0,5,0,0
4568432,Alex,Raynor,Alex Raynor,Alex Raynor,190,71,PK,44,43,11,10,50,4,2,0,4,1,0
4568432,Alex,Raynor,Alex Raynor,Alex Raynor,190,71,PK,44,43,11,10,50,4,2,0,4,1,0
4568671,Jonathan,Kim,Jonathan Kim,Jonathan Kim,225,72,PK,17,17,18,13,58,5,7,0,3,4,0
4569088,Brandon,Talton,Brandon Talton,Brandon Talton,185,69,PK,19,19,20,15,52,8,3,0,5,1,0
4569179,Jacob,Barnes,Jacob Barnes,Jacob Barnes,183,69,PK,31,29,15,12,46,5,0,0,3,0,0
4569179,Jacob,Barnes,Jacob Barnes,Jacob Barnes,183,69,PK,31,29,15,12,46,5,0,0,3,0,0
4569231,Luke,Pawlak,Luke Pawlak,Luke Pawlak,175,70,PK,50,49,13,10,44,2,0,0,1,0,0
4569231,Luke,Pawlak,Luke Pawlak,Luke Pawlak,175,70,PK,50,49,13,10,44,2,0,0,1,0,0
4569231,Luke,Pawlak,Luke Pawlak,Luke Pawlak,175,70,PK,50,49,13,10,44,2,0,0,1,0,0
4569231,Luke,Pawlak,Luke Pawlak,Luke Pawlak,175,70,PK,50,49,13,10,44,2,0,0,1,0,0
4569231,Luke,Pawlak,Luke Pawlak,Luke Pawlak,175,70,PK,50,49,13,10,44,2,0,0,1,0,0
4569635,Dean,Janikowski,Dean Janikowski,Dean Janikowski,222,73,PK,44,44,15,10,55,5,4,0,2,2,0
4569923,Andres,Borregales,Andres Borregales,Andres Borregales,170,71,PK,42,41,25,21,51,5,6,0,4,4,0
4570113,Matt,Quinn,Matt Quinn,Matt Quinn,185,70,PK,39,38,18,11,48,3,0,0,2,0,0
4570113,Matt,Quinn,Matt Quinn,Matt Quinn,185,70,PK,39,38,18,11,48,3,0,0,2,0,0
4570113,Matt,Quinn,Matt Quinn,Matt Quinn,185,70,PK,39,38,18,11,48,3,0,0,2,0,0
4570688,Caden,Davis,Caden Davis,Caden Davis,200,75,PK,42,42,20,15,56,6,3,0,4,1,0
4570688,Caden,Davis,Caden Davis,Caden Davis,200,75,PK,42,42,20,15,56,6,3,0,4,1,0
4570688,Caden,Davis,Caden Davis,Caden Davis,200,75,PK,42,42,20,15,56,6,3,0,4,1,0
4570859,Stone,Galloway,Stone Galloway,Stone Galloway,210,71,PK,14,12,14,4,0,0,0,0,0,0,0
4570859,Stone,Galloway,Stone Galloway,Stone Galloway,210,71,PK,14,12,14,4,0,0,0,0,0,0,0
4571557,Spencer,Shrader,Spencer Shrader,Spencer Shrader,190,74,PK,57,56,20,14,54,5,6,0,2,4,0
4571557,Spencer,Shrader,Spencer Shrader,Spencer Shrader,190,74,PK,57,56,20,14,54,5,6,0,2,4,0
4571557,Spencer,Shrader,Spencer Shrader,Spencer Shrader,190,74,PK,57,56,20,14,54,5,6,0,2,4,0
4571557,Spencer,Shrader,Spencer Shrader,Spencer Shrader,190,74,PK,57,56,20,14,54,5,6,0,2,4,0
4572467,Ethan,Albertson,Ethan Albertson,Ethan Albertson,225,74,PK,49,48,23,18,52,6,1,0,4,1,0
4572531,Griffin,Crosa,Griffin Crosa,Griffin Crosa,177,73,PK,69,68,19,16,0,0,0,0,0,0,0
4572567,Matthew,Cook,Matthew Cook,Matthew Cook,199,71,PK,31,31,21,19,0,0,0,0,0,0,0
4572567,Matthew,Cook,Matthew Cook,Matthew Cook,199,71,PK,31,31,21,19,0,0,0,0,0,0,0
4573284,Cameron,Carson,Cameron Carson,Cameron Carson,190,72,PK,28,27,20,11,49,5,4,0,2,0,0
4573284,Cameron,Carson,Cameron Carson,Cameron Carson,190,72,PK,28,27,20,11,49,5,4,0,2,0,0
4573434,Gino,Garcia,Gino Garcia,Gino Garcia,215,74,PK,36,36,19,14,55,5,5,0,2,3,0
4573469,Jake,Larson,Jake Larson,Jake Larson,174,71,PK,5,5,4,2,35,2,0,0,0,0,0
4573570,Gavin,Lasseigne,Gavin Lasseigne,Gavin Lasseigne,190,71,PK,35,33,11,8,0,0,0,0,0,0,0
4574170,Caden,Bonoffski,Caden Bonoffski,Caden Bonoffski,180,68,PK,25,25,18,16,0,0,0,0,0,0,0
4574288,Sam,Contorno,Sam Contorno,Sam Contorno,177,69,PK,28,24,9,4,0,0,0,0,0,0,0
4574288,Sam,Contorno,Sam Contorno,Sam Contorno,177,69,PK,28,24,9,4,0,0,0,0,0,0,0
4574450,Sam,Webster,Sam Webster,Sam Webster,270,72,PK,21,21,10,6,0,0,0,0,0,0,0
4574450,Sam,Webster,Sam Webster,Sam Webster,270,72,PK,21,21,10,6,0,0,0,0,0,0,0
4574533,Nathan,Hazlett,Nathan Hazlett,Nathan Hazlett,220,74,PK,23,21,8,6,0,0,0,0,0,0,0
4574573,Griffin,Kell,Griffin Kell,Griffin Kell,190,72,PK,46,44,21,14,57,8,7,0,5,3,0
4574626,Cameron,Gillis,Cameron Gillis,Cameron Gillis,155,68,PK,44,43,12,9,0,0,0,0,0,0,0
4574631,Patrick,Oliva,Patrick Oliva,Patrick Oliva,170,72,PK,11,11,7,4,0,0,0,0,0,0,0
4574631,Patrick,Oliva,Patrick Oliva,Patrick Oliva,170,72,PK,11,11,7,4,0,0,0,0,0,0,0
4574716,Harrison,Mevis,Harrison Mevis,Harrison Mevis,243,71,PK,44,43,30,24,61,5,5,0,2,3,0
4574762,Ben,Freehill,Ben Freehill,Ben Freehill,200,73,PK,22,21,11,6,44,4,1,0,2,0,0
4574762,Ben,Freehill,Ben Freehill,Ben Freehill,200,73,PK,22,21,11,6,44,4,1,0,2,0,0
4575529,James,Turner,James Turner,James Turner,196,72,PK,59,58,18,16,50,4,4,0,3,3,0
4575529,James,Turner,James Turner,James Turner,196,72,PK,59,58,18,16,50,4,4,0,3,3,0
4575529,James,Turner,James Turner,James Turner,196,72,PK,59,58,18,16,50,4,4,0,3,3,0
4576252,Alex,Schmoke,Alex Schmoke,Alex Schmoke,160,69,PK,31,30,4,1,0,0,0,0,0,0,0
4576777,Seth,Keller,Seth Keller,Seth Keller,165,68,PK,42,40,14,11,44,4,0,0,2,0,0
4577769,Tristan,Mattson,Tristan Mattson,Tristan Mattson,180,74,PK,33,31,14,7,58,4,4,0,2,1,0
4577793,Chris,Freeman,Chris Freeman,Chris Freeman,205,74,PK,30,29,14,10,50,4,2,0,2,1,0
4577796,Dragan,Kesich,Dragan Kesich,Dragan Kesich,230,76,PK,24,24,26,22,54,6,4,0,5,3,0
4578233,Ryan,Coe,Ryan Coe,Ryan Coe,225,75,PK,8,8,4,3,47,1,0,0,1,0,0
4578458,Adrian,Olivo,Adrian Olivo,Adrian Olivo,195,70,PK,56,51,12,10,0,0,0,0,0,0,0
4578458,Adrian,Olivo,Adrian Olivo,Adrian Olivo,195,70,PK,56,51,12,10,0,0,0,0,0,0,0
4578848,Chris,Campos,Chris Campos,Chris Campos,255,71,PK,36,36,24,17,0,0,0,0,0,0,0
4587284,Sam,Babbush,Sam Babbush,Sam Babbush,175,71,PK,19,19,14,10,0,0,0,0,0,0,0
4588485,Derek,McCormick,Derek McCormick,Derek McCormick,215,75,PK,17,16,12,10,50,1,2,0,1,2,0
4607894,Mitch,Jeter,Mitch Jeter,Mitch Jeter,194,70,PK,34,33,14,12,51,3,3,0,3,1,0
4607894,Mitch,Jeter,Mitch Jeter,Mitch Jeter,194,70,PK,34,33,14,12,51,3,3,0,3,1,0
4608896,Chase,Gabriel,Chase Gabriel,Chase Gabriel,180,71,PK,23,21,12,9,50,4,1,0,3,1,0
4608896,Chase,Gabriel,Chase Gabriel,Chase Gabriel,180,71,PK,23,21,12,9,50,4,1,0,3,1,0
4643646,Matthew,Dennis,Matthew Dennis,Matthew Dennis,193,71,PK,21,20,20,14,44,2,0,0,1,0,0
4643646,Matthew,Dennis,Matthew Dennis,Matthew Dennis,193,71,PK,21,20,20,14,44,2,0,0,1,0,0
4683167,Sander,Sahaydak,Sander Sahaydak,Sander Sahaydak,181,72,PK,7,7,2,0,0,0,0,0,0,0,0
4683167,Sander,Sahaydak,Sander Sahaydak,Sander Sahaydak,181,72,PK,7,7,2,0,0,0,0,0,0,0,0
4684912,Jordan,Noyes,Jordan Noyes,Jordan Noyes,195,71,PK,29,29,19,15,55,6,3,0,4,1,0
4685066,Noe,Ruelas,Noe Ruelas,Noe Ruelas,196,73,PK,3,3,4,3,41,1,1,0,1,0,0
4685066,Noe,Ruelas,Noe Ruelas,Noe Ruelas,196,73,PK,3,3,4,3,41,1,1,0,1,0,0
4686182,Evan,Warren,Evan Warren,Evan Warren,178,70,PK,6,6,5,2,31,1,0,0,0,0,0
4686245,Chase,Contreraz,Chase Contreraz,Chase Contreraz,195,73,PK,35,34,24,19,56,9,3,0,7,2,0
4686361,Cam,Little,Cam Little,Cam Little,179,74,PK,33,33,24,20,56,7,5,0,5,4,0
4686361,Cam,Little,Cam Little,Cam Little,179,74,PK,33,33,24,20,56,7,5,0,5,4,0
4686361,Cam,Little,Cam Little,Cam Little,179,74,PK,33,33,24,20,56,7,5,0,5,4,0
4686361,Cam,Little,Cam Little,Cam Little,179,74,PK,33,33,24,20,56,7,5,0,5,4,0
4686361,Cam,Little,Cam Little,Cam Little,179,74,PK,33,33,24,20,56,7,5,0,5,4,0
4686361,Cam,Little,Cam Little,Cam Little,179,74,PK,33,33,24,20,56,7,5,0,5,4,0
4687040,Brendan,Hall,Brendan Hall,Brendan Hall,231,81,PK,41,38,12,6,0,0,0,0,0,0,0
4687040,Brendan,Hall,Brendan Hall,Brendan Hall,231,81,PK,41,38,12,6,0,0,0,0,0,0,0
4688828,Noah,Burnette,Noah Burnette,Noah Burnette,175,70,PK,42,42,19,18,48,6,0,0,6,0,0
4688828,Noah,Burnette,Noah Burnette,Noah Burnette,175,70,PK,42,42,19,18,48,6,0,0,6,0,0
4689366,John,Cannon,John Cannon,John Cannon,176,69,PK,46,46,15,10,45,8,0,0,5,0,0
4689366,John,Cannon,John Cannon,John Cannon,176,69,PK,46,46,15,10,45,8,0,0,5,0,0
4689818,Quinn,Maretzki,Quinn Maretzki,Quinn Maretzki,177,70,PK,25,25,14,12,47,5,0,0,4,0,0
4689818,Quinn,Maretzki,Quinn Maretzki,Quinn Maretzki,177,70,PK,25,25,14,12,47,5,0,0,4,0,0
4689969,Zeke,Rankin,Zeke Rankin,Zeke Rankin,200,68,PK,37,35,14,10,38,2,0,0,0,0,0
4689969,Zeke,Rankin,Zeke Rankin,Zeke Rankin,200,68,PK,37,35,14,10,38,2,0,0,0,0,0
4689969,Zeke,Rankin,Zeke Rankin,Zeke Rankin,200,68,PK,37,35,14,10,38,2,0,0,0,0,0
4690345,Owen,Daffer,Owen Daffer,Owen Daffer,170,72,PK,19,18,16,11,0,0,0,0,0,0,0
4690467,Joe,McFadden,Joe McFadden,Joe McFadden,188,69,PK,23,20,13,7,50,7,1,0,1,1,0
4690467,Joe,McFadden,Joe McFadden,Joe McFadden,188,69,PK,23,20,13,7,50,7,1,0,1,1,0
4690467,Joe,McFadden,Joe McFadden,Joe McFadden,188,69,PK,23,20,13,7,50,7,1,0,1,1,0
4690967,Brandon,Peskin,Brandon Peskin,Brandon Peskin,197,74,PK,40,33,17,14,0,0,0,0,0,0,0
4691055,Elliott,Nimrod,Elliott Nimrod,Elliott Nimrod,180,72,PK,41,39,13,11,45,3,0,0,2,0,0
4691736,Gavin,Stewart,Gavin Stewart,Gavin Stewart,178,71,PK,8,8,3,0,0,1,1,0,0,0,0
4691742,Jude,Kelley,Jude Kelley,Jude Kelley,183,73,PK,18,17,10,8,0,0,0,0,0,0,0
4691762,Colby,Kintner,Colby Kintner,Colby Kintner,210,74,PK,11,9,11,9,0,0,0,0,0,0,0
4691762,Colby,Kintner,Colby Kintner,Colby Kintner,210,74,PK,11,9,11,9,0,0,0,0,0,0,0
4692042,Chase,Allen,Chase Allen,Chase Allen,195,74,PK,44,44,15,13,53,6,2,0,6,1,0
4692042,Chase,Allen,Chase Allen,Chase Allen,195,74,PK,44,44,15,13,53,6,2,0,6,1,0
4692167,Will,Leyland,Will Leyland,Will Leyland,205,71,PK,37,37,13,13,0,0,0,0,0,0,0
4692532,Zach,Schmit,Zach Schmit,Zach Schmit,194,70,PK,64,64,20,14,46,4,1,0,2,0,0
4692532,Zach,Schmit,Zach Schmit,Zach Schmit,194,70,PK,64,64,20,14,46,4,1,0,2,0,0
4692644,Jose,Pizano,Jose Pizano,Jose Pizano,220,69,PK,52,52,27,25,52,9,2,0,7,2,0
4692644,Jose,Pizano,Jose Pizano,Jose Pizano,220,69,PK,52,52,27,25,52,9,2,0,7,2,0
4692644,Jose,Pizano,Jose Pizano,Jose Pizano,220,69,PK,52,52,27,25,52,9,2,0,7,2,0
4692893,Michael,Hughes,Michael Hughes,Michael Hughes,190,75,PK,53,53,20,17,54,6,2,0,3,2,0
4692893,Michael,Hughes,Michael Hughes,Michael Hughes,190,75,PK,53,53,20,17,54,6,2,0,3,2,0
4693226,Alen,Karajic,Alen Karajic,Alen Karajic,220,77,PK,43,42,20,14,43,7,1,0,4,0,0
4693226,Alen,Karajic,Alen Karajic,Alen Karajic,220,77,PK,43,42,20,14,43,7,1,0,4,0,0
4693226,Alen,Karajic,Alen Karajic,Alen Karajic,220,77,PK,43,42,20,14,43,7,1,0,4,0,0
4693914,John,Opalko,John Opalko,John Opalko,175,70,PK,51,49,16,11,0,0,0,0,0,0,0
4694054,Ethan,Gettman,Ethan Gettman,Ethan Gettman,190,76,PK,40,38,19,9,0,0,0,0,0,0,0
4694238,Jacob,Jaworski,Jacob Jaworski,Jacob Jaworski,190,70,PK,31,29,12,8,0,0,0,0,0,0,0
4694238,Jacob,Jaworski,Jacob Jaworski,Jacob Jaworski,190,70,PK,31,29,12,8,0,0,0,0,0,0,0
4694238,Jacob,Jaworski,Jacob Jaworski,Jacob Jaworski,190,70,PK,31,29,12,8,0,0,0,0,0,0,0
4694238,Jacob,Jaworski,Jacob Jaworski,Jacob Jaworski,190,70,PK,31,29,12,8,0,0,0,0,0,0,0
4694238,Jacob,Jaworski,Jacob Jaworski,Jacob Jaworski,190,70,PK,31,29,12,8,0,0,0,0,0,0,0
4694399,Jackson,Kennedy,Jackson Kennedy,Jackson Kennedy,179,71,PK,17,16,19,14,0,0,0,0,0,0,0
4694399,Jackson,Kennedy,Jackson Kennedy,Jackson Kennedy,179,71,PK,17,16,19,14,0,0,0,0,0,0,0
4694399,Jackson,Kennedy,Jackson Kennedy,Jackson Kennedy,179,71,PK,17,16,19,14,0,0,0,0,0,0,0
4694860,Shane,Dunning,Shane Dunning,Shane Dunning,175,72,PK,22,21,19,16,0,0,0,0,0,0,0
4694944,Keegan,Vaughan,Keegan Vaughan,Keegan Vaughan,165,71,PK,26,23,18,15,0,0,0,0,0,0,0
4694944,Keegan,Vaughan,Keegan Vaughan,Keegan Vaughan,165,71,PK,26,23,18,15,0,0,0,0,0,0,0
4695015,Hayden,Olsen,Hayden Olsen,Hayden Olsen,161,69,PK,24,24,11,7,0,0,0,0,0,0,0
4695072,James,Lowery,James Lowery,James Lowery,210,70,PK,30,28,15,12,0,0,0,0,0,0,0
4695186,Jackson,Cleaver,Jackson Cleaver,Jackson Cleaver,200,74,P,0,0,3,3,0,0,0,0,0,0,0
4695273,Axel,Lepvreau,Axel Lepvreau,Axel Lepvreau,188,69,PK,21,20,2,1,0,0,0,0,0,0,0
4695273,Axel,Lepvreau,Axel Lepvreau,Axel Lepvreau,188,69,PK,21,20,2,1,0,0,0,0,0,0,0
4695399,Hunter,Dustman,Hunter Dustman,Hunter Dustman,230,75,PK,60,58,21,16,0,0,0,0,0,0,0
4695399,Hunter,Dustman,Hunter Dustman,Hunter Dustman,230,75,PK,60,58,21,16,0,0,0,0,0,0,0
4695399,Hunter,Dustman,Hunter Dustman,Hunter Dustman,230,75,PK,60,58,21,16,0,0,0,0,0,0,0
4695749,Cali,Canaval,Cali Canaval,Cali Canaval,190,73,PK,40,35,9,7,0,0,0,0,0,0,0
4695966,Seth,Morgan,Seth Morgan,Seth Morgan,160,71,PK,14,14,5,3,47,2,1,0,2,0,0
4695966,Seth,Morgan,Seth Morgan,Seth Morgan,160,71,PK,14,14,5,3,47,2,1,0,2,0,0
4696033,Dante,Jackson,Dante Jackson,Dante Jackson,205,69,PK,3,3,3,2,25,0,0,0,0,0,0
4696033,Dante,Jackson,Dante Jackson,Dante Jackson,205,69,PK,3,3,3,2,25,0,0,0,0,0,0
4696160,Sam,Renzi,Sam Renzi,Sam Renzi,180,72,PK,15,15,20,14,0,0,0,0,0,0,0
4696308,Graham,Gotlieb,Graham Gotlieb,Graham Gotlieb,165,71,PK,29,27,17,14,0,0,0,0,0,0,0
4696308,Graham,Gotlieb,Graham Gotlieb,Graham Gotlieb,165,71,PK,29,27,17,14,0,0,0,0,0,0,0
4696308,Graham,Gotlieb,Graham Gotlieb,Graham Gotlieb,165,71,PK,29,27,17,14,0,0,0,0,0,0,0
4696727,RJ,Lopez,RJ Lopez,RJ Lopez,190,71,PK,32,31,11,6,47,4,0,0,1,0,0
4696727,RJ,Lopez,RJ Lopez,RJ Lopez,190,71,PK,32,31,11,6,47,4,0,0,1,0,0
4697745,Tyler,Loop,Tyler Loop,Tyler Loop,190,73,PK,50,50,21,16,52,3,4,0,1,2,0
4698102,Valentino,Ambrosio,Valentino Ambrosio,Valentino Ambrosio,175,69,PK,40,40,24,19,47,8,0,0,6,0,0
4698269,Richard,Abood II,Richard Abood II,Richard Abood II,162,68,PK,14,14,5,2,0,0,0,0,0,0,0
4698317,Chase,Gardi,Chase Gardi,Chase Gardi,193,74,PK,24,22,6,5,0,0,0,0,0,0,0
4699353,Cole,Becker,Cole Becker,Cole Becker,232,75,PK,27,27,18,15,51,2,2,0,2,1,0
4699768,Jonah,Dalmas,Jonah Dalmas,Jonah Dalmas,180,68,PK,48,47,24,21,56,6,5,0,6,4,0
4699803,John,Hoyland,John Hoyland,John Hoyland,196,70,PK,38,37,17,10,56,3,6,0,0,2,0
4700254,Jake,Baumgarte,Jake Baumgarte,Jake Baumgarte,184,72,PK,35,35,9,3,0,0,0,0,0,0,0
4700254,Jake,Baumgarte,Jake Baumgarte,Jake Baumgarte,184,72,PK,35,35,9,3,0,0,0,0,0,0,0
4700254,Jake,Baumgarte,Jake Baumgarte,Jake Baumgarte,184,72,PK,35,35,9,3,0,0,0,0,0,0,0
4700254,Jake,Baumgarte,Jake Baumgarte,Jake Baumgarte,184,72,PK,35,35,9,3,0,0,0,0,0,0,0
4700254,Jake,Baumgarte,Jake Baumgarte,Jake Baumgarte,184,72,PK,35,35,9,3,0,0,0,0,0,0,0
4700254,Jake,Baumgarte,Jake Baumgarte,Jake Baumgarte,184,72,PK,35,35,9,3,0,0,0,0,0,0,0
4708051,Carter,Brown,Carter Brown,Carter Brown,205,72,PK,30,30,19,15,54,5,1,0,4,1,0
4708843,Colby,Sessums,Colby Sessums,Colby Sessums,185,73,PK,28,27,14,11,53,3,3,0,1,2,0
4708850,Chris,Tennant,Chris Tennant,Chris Tennant,222,77,PK,53,52,14,11,51,5,1,0,4,1,0
4708850,Chris,Tennant,Chris Tennant,Chris Tennant,222,77,PK,53,52,14,11,51,5,1,0,4,1,0
4708850,Chris,Tennant,Chris Tennant,Chris Tennant,222,77,PK,53,52,14,11,51,5,1,0,4,1,0
4713236,Michael,Coney,Michael Coney,Michael Coney,195,73,PK,24,24,15,10,0,0,0,0,0,0,0
4715374,Adrian,Guzman,Adrian Guzman,Adrian Guzman,200,72,PK,45,45,18,13,0,0,0,0,0,0,0
4733236,Kyle,Thompson,Kyle Thompson,Kyle Thompson,205,72,PK,32,32,19,13,0,0,0,0,0,0,0
4749424,Brian,Bruzdewicz,Brian Bruzdewicz,Brian Bruzdewicz,180,73,PK,42,40,11,7,0,0,0,0,0,0,0
4766559,Lliam,Davis,Lliam Davis,Lliam Davis,190,68,PK,34,34,14,10,0,0,0,0,0,0,0
4770026,Carlos,Villagomez,Carlos Villagomez,Carlos Villagomez,165,70,P,22,21,15,8,0,0,0,0,0,0,0
4770083,Curtis,Falkenburg,Curtis Falkenburg,Curtis Falkenburg,163,69,PK,20,20,11,6,0,0,0,0,0,0,0
4775211,Blake,Glessner,Blake Glessner,Blake Glessner,195,75,PK,8,8,6,2,35,2,0,0,0,0,0
4779439,Connor,Brooksby,Connor Brooksby,Connor Brooksby,220,74,PK,28,26,24,16,0,0,0,0,0,0,0
4779439,Connor,Brooksby,Connor Brooksby,Connor Brooksby,220,74,PK,28,26,24,16,0,0,0,0,0,0,0
4779439,Connor,Brooksby,Connor Brooksby,Connor Brooksby,220,74,PK,28,26,24,16,0,0,0,0,0,0,0
4779439,Connor,Brooksby,Connor Brooksby,Connor Brooksby,220,74,PK,28,26,24,16,0,0,0,0,0,0,0
4779439,Connor,Brooksby,Connor Brooksby,Connor Brooksby,220,74,PK,28,26,24,16,0,0,0,0,0,0,0
4869461,Trey,Smack,Trey Smack,Trey Smack,200,73,PK,29,29,21,17,54,7,3,0,4,2,0
4870519,Alex,McPherson,Alex McPherson,Alex McPherson,154,69,PK,39,39,13,13,53,3,1,0,3,1,0
4871220,Will,Bettridge,Will Bettridge,Will Bettridge,175,70,PK,31,31,21,18,46,7,0,0,5,0,0
4871220,Will,Bettridge,Will Bettridge,Will Bettridge,175,70,PK,31,31,21,18,46,7,0,0,5,0,0
4872946,Brett,Money,Brett Money,Brett Money,180,69,PK,9,9,8,7,0,0,0,0,0,0,0
4872946,Brett,Money,Brett Money,Brett Money,180,69,PK,9,9,8,7,0,0,0,0,0,0,0
4872964,Scott Taylor,Renfroe,Scott Taylor Renfroe,Scott Taylor Renfroe,198,73,PK,49,49,22,18,44,6,0,0,2,0,0
4873008,Liam,Gray,Liam Gray,Liam Gray,205,72,PK,17,17,12,7,43,2,2,0,2,0,0
4873011,Kade,Hensley,Kade Hensley,Kade Hensley,190,70,PK,23,23,12,9,38,1,0,0,0,0,0
4874450,Nick,Brown,Nick Brown,Nick Brown,170,76,PK,65,65,10,5,41,4,0,0,2,0,0
4875108,Jack,Howes,Jack Howes,Jack Howes,202,73,PK,43,42,18,12,48,8,1,0,4,0,0
4875192,Adam,Mihalek,Adam Mihalek,Adam Mihalek,200,74,PK,5,4,3,1,32,1,0,0,0,0,0
4875192,Adam,Mihalek,Adam Mihalek,Adam Mihalek,200,74,PK,5,4,3,1,32,1,0,0,0,0,0
4875268,Jace,Feely,Jace Feely,Jace Feely,215,72,PK,10,10,7,4,49,3,0,0,1,0,0
4875268,Jace,Feely,Jace Feely,Jace Feely,215,72,PK,10,10,7,4,49,3,0,0,1,0,0
4875309,Denis,Lynch,Denis Lynch,Denis Lynch,190,68,PK,60,59,13,10,53,2,1,0,2,1,0
4875309,Denis,Lynch,Denis Lynch,Denis Lynch,190,68,PK,60,59,13,10,53,2,1,0,2,1,0
4875309,Denis,Lynch,Denis Lynch,Denis Lynch,190,68,PK,60,59,13,10,53,2,1,0,2,1,0
4875309,Denis,Lynch,Denis Lynch,Denis Lynch,190,68,PK,60,59,13,10,53,2,1,0,2,1,0
4875584,Garrison,Smith,Garrison Smith,Garrison Smith,150,70,PK,23,23,10,8,0,0,0,0,0,0,0
4875584,Garrison,Smith,Garrison Smith,Garrison Smith,150,70,PK,23,23,10,8,0,0,0,0,0,0,0
4875584,Garrison,Smith,Garrison Smith,Garrison Smith,150,70,PK,23,23,10,8,0,0,0,0,0,0,0
4875584,Garrison,Smith,Garrison Smith,Garrison Smith,150,70,PK,23,23,10,8,0,0,0,0,0,0,0
4875739,Andrew,Glass,Andrew Glass,Andrew Glass,172,70,PK,17,16,17,15,48,7,0,0,6,0,0
4875775,Kanon,Woodill,Kanon Woodill,Kanon Woodill,167,71,PK,26,26,15,11,49,4,1,0,2,0,0
4875797,Kyler,Halvorsen,Kyler Halvorsen,Kyler Halvorsen,181,70,PK,53,52,14,10,41,2,0,0,1,0,0
4875797,Kyler,Halvorsen,Kyler Halvorsen,Kyler Halvorsen,181,70,PK,53,52,14,10,41,2,0,0,1,0,0
4876013,Jack,Browning,Jack Browning,Jack Browning,190,71,PK,23,23,22,15,61,9,3,0,5,2,0
4876013,Jack,Browning,Jack Browning,Jack Browning,190,71,PK,23,23,22,15,61,9,3,0,5,2,0
4876305,Gianni,Smith,Gianni Smith,Gianni Smith,205,73,PK,44,42,9,8,0,0,0,0,0,0,0
4876470,Austin,Alley,Austin Alley,Austin Alley,165,70,PK,8,7,4,1,0,0,0,0,0,0,0
4876475,Christopher,Maron,Christopher Maron,Christopher Maron,175,70,PK,23,23,10,8,0,0,0,0,0,0,0
4876676,Spencer,Biscoe,Spencer Biscoe,Spencer Biscoe,210,75,PK,12,11,11,4,0,0,0,0,0,0,0
4876720,Aidan,Birr,Aidan Birr,Aidan Birr,198,73,PK,35,34,16,14,48,9,0,0,7,0,0
4876769,Conor,Cummins,Conor Cummins,Conor Cummins,190,73,PK,21,21,13,5,0,0,0,0,0,0,0
4876997,Aidan,Lehman,Aidan Lehman,Aidan Lehman,170,72,PK,22,18,18,10,0,0,0,0,0,0,0
4877295,Noah,Kiani,Noah Kiani,Noah Kiani,145,71,PK,28,27,18,13,0,0,0,0,0,0,0
4877310,DC,Pippin,DC Pippin,DC Pippin,178,72,PK,36,35,14,11,0,0,0,0,0,0,0
4877446,Caden,Beck,Caden Beck,Caden Beck,170,69,PK,20,17,13,6,0,0,0,0,0,0,0
4877553,Joshua,Griffin,Joshua Griffin,Joshua Griffin,180,74,PK,31,28,8,5,0,0,0,0,0,0,0
4877553,Joshua,Griffin,Joshua Griffin,Joshua Griffin,180,74,PK,31,28,8,5,0,0,0,0,0,0,0
4878126,Enda,Kirby,Enda Kirby,Enda Kirby,220,74,PK,6,6,3,3,0,0,0,0,0,0,0
4878126,Enda,Kirby,Enda Kirby,Enda Kirby,220,74,PK,6,6,3,3,0,0,0,0,0,0,0
4878126,Enda,Kirby,Enda Kirby,Enda Kirby,220,74,PK,6,6,3,3,0,0,0,0,0,0,0
4878289,Ian,Wagner,Ian Wagner,Ian Wagner,215,74,PK,41,35,10,8,0,0,0,0,0,0,0
4878289,Ian,Wagner,Ian Wagner,Ian Wagner,215,74,PK,41,35,10,8,0,0,0,0,0,0,0
4878768,Jayson,Jenkins,Jayson Jenkins,Jayson Jenkins,180,71,PK,26,23,7,4,0,0,0,0,0,0,0
4878965,Clay,Medvec,Clay Medvec,Clay Medvec,199,72,PK,3,3,2,1,0,0,0,0,0,0,0
4878965,Clay,Medvec,Clay Medvec,Clay Medvec,199,72,PK,3,3,2,1,0,0,0,0,0,0,0
4879164,Ryan,Hawk,Ryan Hawk,Ryan Hawk,165,70,PK,11,10,7,4,0,0,0,0,0,0,0
4879203,Chris,Esqueda,Chris Esqueda,Chris Esqueda,185,68,PK,36,33,10,6,0,0,0,0,0,0,0
4879204,Isaiah,Hankins,Isaiah Hankins,Isaiah Hankins,193,72,PK,23,21,25,18,54,8,3,0,4,2,0
4879326,Maddux,Trujillo,Maddux Trujillo,Maddux Trujillo,160,73,PK,50,48,15,13,0,0,0,0,0,0,0
4879326,Maddux,Trujillo,Maddux Trujillo,Maddux Trujillo,160,73,PK,50,48,15,13,0,0,0,0,0,0,0
4879326,Maddux,Trujillo,Maddux Trujillo,Maddux Trujillo,160,73,PK,50,48,15,13,0,0,0,0,0,0,0
4879612,Randy,Bond,Randy Bond,Randy Bond,195,71,PK,46,46,32,23,52,10,5,0,4,4,0
4879612,Randy,Bond,Randy Bond,Randy Bond,195,71,PK,46,46,32,23,52,10,5,0,4,4,0
4879682,Mason,Shipley,Mason Shipley,Mason Shipley,185,72,PK,53,52,14,14,47,4,0,0,4,0,0
4879682,Mason,Shipley,Mason Shipley,Mason Shipley,185,72,PK,53,52,14,14,47,4,0,0,4,0,0
4879682,Mason,Shipley,Mason Shipley,Mason Shipley,185,72,PK,53,52,14,14,47,4,0,0,4,0,0
4879682,Mason,Shipley,Mason Shipley,Mason Shipley,185,72,PK,53,52,14,14,47,4,0,0,4,0,0
4879682,Mason,Shipley,Mason Shipley,Mason Shipley,185,72,PK,53,52,14,14,47,4,0,0,4,0,0
4880198,Will,Ferrin,Will Ferrin,Will Ferrin,175,75,PK,33,32,14,11,49,7,2,0,6,0,0
4880212,Graham,Nicholson,Graham Nicholson,Graham Nicholson,185,72,PK,36,35,27,26,52,10,1,0,9,1,0
4880347,Bert,Auburn,Bert Auburn,Bert Auburn,183,72,PK,52,52,34,28,54,12,4,0,9,2,0
4880347,Bert,Auburn,Bert Auburn,Bert Auburn,183,72,PK,52,52,34,28,54,12,4,0,9,2,0
4880347,Bert,Auburn,Bert Auburn,Bert Auburn,183,72,PK,52,52,34,28,54,12,4,0,9,2,0
4880347,Bert,Auburn,Bert Auburn,Bert Auburn,183,72,PK,52,52,34,28,54,12,4,0,9,2,0
4880347,Bert,Auburn,Bert Auburn,Bert Auburn,183,72,PK,52,52,34,28,54,12,4,0,9,2,0
4880893,John,Love,John Love,John Love,170,71,PK,39,39,22,20,47,7,0,0,6,0,0
4880893,John,Love,John Love,John Love,170,71,PK,39,39,22,20,47,7,0,0,6,0,0
4883868,Gavyn,Zimmerman,Gavyn Zimmerman,Gavyn Zimmerman,150,71,PK,36,34,6,6,0,0,0,0,0,0,0
4885463,Logan,Seibert,Logan Seibert,Logan Seibert,184,70,PK,26,26,13,8,0,0,0,0,0,0,0
4886806,Jesus,Gomez,Jesus Gomez,Jesus Gomez,214,73,PK,23,20,15,11,55,3,4,0,2,2,0
4886806,Jesus,Gomez,Jesus Gomez,Jesus Gomez,214,73,PK,23,20,15,11,55,3,4,0,2,2,0
4886806,Jesus,Gomez,Jesus Gomez,Jesus Gomez,214,73,PK,23,20,15,11,55,3,4,0,2,2,0
4887281,Matthew,Dapore,Matthew Dapore,Matthew Dapore,195,72,PK,31,30,18,14,50,8,1,0,7,1,0
4887281,Matthew,Dapore,Matthew Dapore,Matthew Dapore,195,72,PK,31,30,18,14,50,8,1,0,7,1,0
4887281,Matthew,Dapore,Matthew Dapore,Matthew Dapore,195,72,PK,31,30,18,14,50,8,1,0,7,1,0
4887281,Matthew,Dapore,Matthew Dapore,Matthew Dapore,195,72,PK,31,30,18,14,50,8,1,0,7,1,0
4890138,Alan,Anaya,Alan Anaya,Alan Anaya,180,66,PK,40,40,17,12,42,5,1,0,3,0,0
4890264,Aidan,Laros,Aidan Laros,Aidan Laros,205,74,PK,45,43,16,10,0,0,0,0,0,0,0
4890270,Jay,Billingsley,Jay Billingsley,Jay Billingsley,160,70,PK,40,40,13,9,0,0,0,0,0,0,0
4891577,Gerardo,Baeza,Gerardo Baeza,Gerardo Baeza,175,68,PK,10,9,7,6,0,0,0,0,0,0,0
4891683,Victor,Barbosa,Victor Barbosa,Victor Barbosa,190,72,PK,40,39,8,5,0,0,0,0,0,0,0
4892050,Jeffrey,Sexton,Jeffrey Sexton,Jeffrey Sexton,175,73,PK,11,9,6,3,0,0,0,0,0,0,0
4892332,Atticus,Sappington,Atticus Sappington,Atticus Sappington,188,70,PK,50,49,14,13,48,6,0,0,5,0,0
4893639,Damian,Ramos,Damian Ramos,Damian Ramos,186,74,PK,72,72,15,12,48,3,1,0,2,0,0
4893639,Damian,Ramos,Damian Ramos,Damian Ramos,186,74,PK,72,72,15,12,48,3,1,0,2,0,0
4893639,Damian,Ramos,Damian Ramos,Damian Ramos,186,74,PK,72,72,15,12,48,3,1,0,2,0,0
4893639,Damian,Ramos,Damian Ramos,Damian Ramos,186,74,PK,72,72,15,12,48,3,1,0,2,0,0
4900235,Macrae,Plummer,Macrae Plummer,Macrae Plummer,170,70,PK,35,33,8,5,0,0,0,0,0,0,0
4900756,Tate,Sandell,Tate Sandell,Tate Sandell,175,70,PK,2,2,2,1,47,2,0,0,1,0,0
4900756,Tate,Sandell,Tate Sandell,Tate Sandell,175,70,PK,2,2,2,1,47,2,0,0,1,0,0
4910844,Grady,Gross,Grady Gross,Grady Gross,209,71,PK,58,58,17,13,47,6,0,0,5,0,0
4912160,Jai,Patel,Jai Patel,Jai Patel,180,69,PK,30,29,16,14,51,3,3,0,3,2,0
4912197,Nathanial,Vakos,Nathanial Vakos,Nathanial Vakos,200,73,PK,30,30,17,14,52,4,3,0,3,1,0
4912229,Palmer,Domschke,Palmer Domschke,Palmer Domschke,186,70,PK,35,35,15,9,49,8,0,0,3,0,0
4912229,Palmer,Domschke,Palmer Domschke,Palmer Domschke,186,70,PK,35,35,15,9,49,8,0,0,3,0,0
4912353,Ethan,Sanchez,Ethan Sanchez,Ethan Sanchez,189,69,PK,31,31,18,14,49,6,1,0,4,0,0
4912353,Ethan,Sanchez,Ethan Sanchez,Ethan Sanchez,189,69,PK,31,31,18,14,49,6,1,0,4,0,0
4916441,Owen,Rozanc,Owen Rozanc,Owen Rozanc,197,70,PK,43,43,12,9,0,0,0,0,0,0,0
4916441,Owen,Rozanc,Owen Rozanc,Owen Rozanc,197,70,PK,43,43,12,9,0,0,0,0,0,0,0
4916441,Owen,Rozanc,Owen Rozanc,Owen Rozanc,197,70,PK,43,43,12,9,0,0,0,0,0,0,0
4917382,Brady,Denaburg,Brady Denaburg,Brady Denaburg,195,72,PK,37,36,16,10,46,4,3,0,3,0,0
4917399,Alejandro,Mata,Alejandro Mata,Alejandro Mata,190,69,PK,27,26,12,10,47,6,0,0,4,0,0
4917399,Alejandro,Mata,Alejandro Mata,Alejandro Mata,190,69,PK,27,26,12,10,47,6,0,0,4,0,0
5077226,Peyton,Woodring,Peyton Woodring,Peyton Woodring,175,70,PK,62,62,25,21,48,5,1,0,4,0,0
5077226,Peyton,Woodring,Peyton Woodring,Peyton Woodring,175,70,PK,62,62,25,21,48,5,1,0,4,0,0
5077226,Peyton,Woodring,Peyton Woodring,Peyton Woodring,175,70,PK,62,62,25,21,48,5,1,0,4,0,0
5077226,Peyton,Woodring,Peyton Woodring,Peyton Woodring,175,70,PK,62,62,25,21,48,5,1,0,4,0,0
5077226,Peyton,Woodring,Peyton Woodring,Peyton Woodring,175,70,PK,62,62,25,21,48,5,1,0,4,0,0
5077226,Peyton,Woodring,Peyton Woodring,Peyton Woodring,175,70,PK,62,62,25,21,48,5,1,0,4,0,0
5081335,Drew,Stevens,Drew Stevens,Drew Stevens,199,72,PK,20,19,26,18,53,8,4,0,4,2,0
5081335,Drew,Stevens,Drew Stevens,Drew Stevens,199,72,PK,20,19,26,18,53,8,4,0,4,2,0
5081441,Robert,Gunn III,Robert Gunn III,Robert Gunn III,180,72,PK,15,14,4,1,23,1,0,0,0,0,0
5081441,Robert,Gunn III,Robert Gunn III,Robert Gunn III,180,72,PK,15,14,4,1,23,1,0,0,0,0,0
5081814,Jayden,Fielding,Jayden Fielding,Jayden Fielding,175,72,PK,50,49,18,15,47,6,1,0,4,0,0
5081814,Jayden,Fielding,Jayden Fielding,Jayden Fielding,175,72,PK,50,49,18,15,47,6,1,0,4,0,0
5081814,Jayden,Fielding,Jayden Fielding,Jayden Fielding,175,72,PK,50,49,18,15,47,6,1,0,4,0,0
5082015,Carter,Davis,Carter Davis,Carter Davis,210,72,PK,16,16,2,1,38,0,0,0,0,0,0
5082102,Andrew,Conrad,Andrew Conrad,Andrew Conrad,160,69,PK,21,20,25,18,51,11,3,0,7,1,0
5082102,Andrew,Conrad,Andrew Conrad,Andrew Conrad,160,69,PK,21,20,25,18,51,11,3,0,7,1,0
5082102,Andrew,Conrad,Andrew Conrad,Andrew Conrad,160,69,PK,21,20,25,18,51,11,3,0,7,1,0
5082102,Andrew,Conrad,Andrew Conrad,Andrew Conrad,160,69,PK,21,20,25,18,51,11,3,0,7,1,0
5082308,Dylan,Lynch,Dylan Lynch,Dylan Lynch,171,70,PK,36,36,27,21,52,10,3,0,7,2,0
5082358,Luke,Drzewiecki,Luke Drzewiecki,Luke Drzewiecki,181,72,PK,38,37,14,10,47,4,1,0,2,0,0
5082358,Luke,Drzewiecki,Luke Drzewiecki,Luke Drzewiecki,181,72,PK,38,37,14,10,47,4,1,0,2,0,0
5082358,Luke,Drzewiecki,Luke Drzewiecki,Luke Drzewiecki,181,72,PK,38,37,14,10,47,4,1,0,2,0,0
5082358,Luke,Drzewiecki,Luke Drzewiecki,Luke Drzewiecki,181,72,PK,38,37,14,10,47,4,1,0,2,0,0
5082424,Dominic,Zvada,Dominic Zvada,Dominic Zvada,174,75,PK,40,40,20,15,53,8,1,0,6,1,0
5082424,Dominic,Zvada,Dominic Zvada,Dominic Zvada,174,75,PK,40,40,20,15,53,8,1,0,6,1,0
5082559,Rece,Verhoff,Rece Verhoff,Rece Verhoff,182,71,PK,30,30,15,10,44,5,0,0,3,0,0
5082559,Rece,Verhoff,Rece Verhoff,Rece Verhoff,182,71,PK,30,30,15,10,44,5,0,0,3,0,0
5082559,Rece,Verhoff,Rece Verhoff,Rece Verhoff,182,71,PK,30,30,15,10,44,5,0,0,3,0,0
5082559,Rece,Verhoff,Rece Verhoff,Rece Verhoff,182,71,PK,30,30,15,10,44,5,0,0,3,0,0
5083170,Ricardo,Chavez,Ricardo Chavez,Ricardo Chavez,180,74,PK,41,39,24,19,0,0,0,0,0,0,0
5083238,Hunter,Green,Hunter Green,Hunter Green,187,76,PK,16,15,12,9,0,0,0,0,0,0,0
5083238,Hunter,Green,Hunter Green,Hunter Green,187,76,PK,16,15,12,9,0,0,0,0,0,0,0
5083238,Hunter,Green,Hunter Green,Hunter Green,187,76,PK,16,15,12,9,0,0,0,0,0,0,0
5083238,Hunter,Green,Hunter Green,Hunter Green,187,76,PK,16,15,12,9,0,0,0,0,0,0,0
5083879,Nick,Garrido,Nick Garrido,Nick Garrido,200,68,PK,24,23,8,5,0,0,0,0,0,0,0
5084095,Collin,Rogers,Collin Rogers,Collin Rogers,206,76,PK,65,64,26,20,51,9,2,0,5,2,0
5084095,Collin,Rogers,Collin Rogers,Collin Rogers,206,76,PK,65,64,26,20,51,9,2,0,5,2,0
5084425,Chase,Meyer,Chase Meyer,Chase Meyer,195,70,PK,31,30,20,17,47,5,0,0,3,0,0
5084502,Riley,Callaghan,Riley Callaghan,Riley Callaghan,190,75,PK,33,30,17,10,0,0,0,0,0,0,0
5084531,Bridger,Jones,Bridger Jones,Bridger Jones,205,70,PK,14,13,17,13,0,0,0,0,0,0,0
5084531,Bridger,Jones,Bridger Jones,Bridger Jones,205,70,PK,14,13,17,13,0,0,0,0,0,0,0
5084531,Bridger,Jones,Bridger Jones,Bridger Jones,205,70,PK,14,13,17,13,0,0,0,0,0,0,0
5084751,Marcus,Lye,Marcus Lye,Marcus Lye,185,73,PK,18,16,8,2,0,0,0,0,0,0,0
5084831,Joey,Cheek,Joey Cheek,Joey Cheek,202,71,PK,7,7,2,1,37,1,0,0,0,0,0
5084831,Joey,Cheek,Joey Cheek,Joey Cheek,202,71,PK,7,7,2,1,37,1,0,0,0,0,0
5084831,Joey,Cheek,Joey Cheek,Joey Cheek,202,71,PK,7,7,2,1,37,1,0,0,0,0,0
5084831,Joey,Cheek,Joey Cheek,Joey Cheek,202,71,PK,7,7,2,1,37,1,0,0,0,0,0
5085184,Michael,Luckhurst,Michael Luckhurst,Michael Luckhurst,180,73,PK,14,11,9,3,39,5,0,0,0,0,0
5085184,Michael,Luckhurst,Michael Luckhurst,Michael Luckhurst,180,73,PK,14,11,9,3,39,5,0,0,0,0,0
5085184,Michael,Luckhurst,Michael Luckhurst,Michael Luckhurst,180,73,PK,14,11,9,3,39,5,0,0,0,0,0
5085184,Michael,Luckhurst,Michael Luckhurst,Michael Luckhurst,180,73,PK,14,11,9,3,39,5,0,0,0,0,0
5085396,Colton,Boomer,Colton Boomer,Colton Boomer,175,70,PK,48,46,19,12,55,6,4,0,4,2,0
5085396,Colton,Boomer,Colton Boomer,Colton Boomer,175,70,PK,48,46,19,12,55,6,4,0,4,2,0
5085396,Colton,Boomer,Colton Boomer,Colton Boomer,175,70,PK,48,46,19,12,55,6,4,0,4,2,0
5085811,Nathan,Wilson,Nathan Wilson,Nathan Wilson,180,73,PK,19,18,14,6,0,0,0,0,0,0,0
5085867,Ian,Williams,Ian Williams,Ian Williams,225,75,PK,21,21,24,18,0,0,0,0,0,0,0
5085867,Ian,Williams,Ian Williams,Ian Williams,225,75,PK,21,21,24,18,0,0,0,0,0,0,0
5085867,Ian,Williams,Ian Williams,Ian Williams,225,75,PK,21,21,24,18,0,0,0,0,0,0,0
5085867,Ian,Williams,Ian Williams,Ian Williams,225,75,PK,21,21,24,18,0,0,0,0,0,0,0
5085867,Ian,Williams,Ian Williams,Ian Williams,225,75,PK,21,21,24,18,0,0,0,0,0,0,0
5086890,Brandon,Bush,Brandon Bush,Brandon Bush,165,70,PK,15,14,6,4,0,0,0,0,0,0,0
5087075,Luis,Palenzuela,Luis Palenzuela,Luis Palenzuela,201,72,PK,55,55,5,3,0,0,0,0,0,0,0
5087205,C.J.,Elrichs,C.J. Elrichs,C.J. Elrichs,190,74,PK,33,33,6,4,0,0,0,0,0,0,0
5087205,C.J.,Elrichs,C.J. Elrichs,C.J. Elrichs,190,74,PK,33,33,6,4,0,0,0,0,0,0,0
5087273,Grandin,Willcox,Grandin Willcox,Grandin Willcox,220,71,PK,30,29,17,12,0,0,0,0,0,0,0
5087273,Grandin,Willcox,Grandin Willcox,Grandin Willcox,220,71,PK,30,29,17,12,0,0,0,0,0,0,0
5087313,Aaron,Bickerton,Aaron Bickerton,Aaron Bickerton,200,75,P,1,1,8,8,0,0,0,0,0,0,0
5087313,Aaron,Bickerton,Aaron Bickerton,Aaron Bickerton,200,75,P,1,1,8,8,0,0,0,0,0,0,0
5088892,Buzz,Flabiano,Buzz Flabiano,Buzz Flabiano,175,72,PK,30,29,14,10,43,4,0,0,1,0,0
5088892,Buzz,Flabiano,Buzz Flabiano,Buzz Flabiano,175,72,PK,30,29,14,10,43,4,0,0,1,0,0
5089004,Stephen,Shagen,Stephen Shagen,Stephen Shagen,176,72,PK,30,28,6,3,0,0,0,0,0,0,0
5089029,Jayden,John,Jayden John,Jayden John,155,72,PK,18,17,12,6,0,0,0,0,0,0,0
5089029,Jayden,John,Jayden John,Jayden John,155,72,PK,18,17,12,6,0,0,0,0,0,0,0
5089029,Jayden,John,Jayden John,Jayden John,155,72,PK,18,17,12,6,0,0,0,0,0,0,0
5089168,Jake,Andjelic,Jake Andjelic,Jake Andjelic,170,69,PK,6,5,8,8,0,0,0,0,0,0,0
5089168,Jake,Andjelic,Jake Andjelic,Jake Andjelic,170,69,PK,6,5,8,8,0,0,0,0,0,0,0
5089168,Jake,Andjelic,Jake Andjelic,Jake Andjelic,170,69,PK,6,5,8,8,0,0,0,0,0,0,0
5089443,Noah,Perez,Noah Perez,Noah Perez,160,67,PK,9,9,7,3,40,3,1,0,1,0,0
5089443,Noah,Perez,Noah Perez,Noah Perez,160,67,PK,9,9,7,3,40,3,1,0,1,0,0
5089496,Matt,Maldonado,Matt Maldonado,Matt Maldonado,190,74,PK,22,22,8,7,0,0,0,0,0,0,0
5089496,Matt,Maldonado,Matt Maldonado,Matt Maldonado,190,74,PK,22,22,8,7,0,0,0,0,0,0,0
5089496,Matt,Maldonado,Matt Maldonado,Matt Maldonado,190,74,PK,22,22,8,7,0,0,0,0,0,0,0
5089496,Matt,Maldonado,Matt Maldonado,Matt Maldonado,190,74,PK,22,22,8,7,0,0,0,0,0,0,0
5089496,Matt,Maldonado,Matt Maldonado,Matt Maldonado,190,74,PK,22,22,8,7,0,0,0,0,0,0,0
5089496,Matt,Maldonado,Matt Maldonado,Matt Maldonado,190,74,PK,22,22,8,7,0,0,0,0,0,0,0
5091752,Liam,Connor,Liam Connor,Liam Connor,204,73,PK,36,34,12,10,45,6,0,0,4,0,0
5091752,Liam,Connor,Liam Connor,Liam Connor,204,73,PK,36,34,12,10,45,6,0,0,4,0,0
5092217,Gianni,Spetic,Gianni Spetic,Gianni Spetic,201,75,PK,29,28,24,16,40,5,2,0,1,0,0
5092218,Tristan,Alvano,Tristan Alvano,Tristan Alvano,200,73,PK,27,27,15,9,55,7,1,0,2,1,0
5092218,Tristan,Alvano,Tristan Alvano,Tristan Alvano,200,73,PK,27,27,15,9,55,7,1,0,2,1,0
5092220,Kyle,Ferrie,Kyle Ferrie,Kyle Ferrie,205,73,PK,27,27,22,16,49,11,1,0,7,0,0
5092220,Kyle,Ferrie,Kyle Ferrie,Kyle Ferrie,205,73,PK,27,27,22,16,49,11,1,0,7,0,0
5092220,Kyle,Ferrie,Kyle Ferrie,Kyle Ferrie,205,73,PK,27,27,22,16,49,11,1,0,7,0,0
5092220,Kyle,Ferrie,Kyle Ferrie,Kyle Ferrie,205,73,PK,27,27,22,16,49,11,1,0,7,0,0
5092220,Kyle,Ferrie,Kyle Ferrie,Kyle Ferrie,205,73,PK,27,27,22,16,49,11,1,0,7,0,0
5092220,Kyle,Ferrie,Kyle Ferrie,Kyle Ferrie,205,73,PK,27,27,22,16,49,11,1,0,7,0,0
5092220,Kyle,Ferrie,Kyle Ferrie,Kyle Ferrie,205,73,PK,27,27,22,16,49,11,1,0,7,0,0
5092220,Kyle,Ferrie,Kyle Ferrie,Kyle Ferrie,205,73,PK,27,27,22,16,49,11,1,0,7,0,0
5092220,Kyle,Ferrie,Kyle Ferrie,Kyle Ferrie,205,73,PK,27,27,22,16,49,11,1,0,7,0,0
5092504,Lucas,Carneiro,Lucas Carneiro,Lucas Carneiro,175,71,PK,42,42,11,8,45,5,0,0,4,0,0
5092669,Julio,Macias,Julio Macias,Julio Macias,230,77,PK,10,9,6,2,40,3,0,0,1,0,0
5092669,Julio,Macias,Julio Macias,Julio Macias,230,77,PK,10,9,6,2,40,3,0,0,1,0,0
5092669,Julio,Macias,Julio Macias,Julio Macias,230,77,PK,10,9,6,2,40,3,0,0,1,0,0
5092976,Todd,Pelino,Todd Pelino,Todd Pelino,190,74,PK,38,38,20,15,52,8,2,0,6,2,0
5093383,Casey,Kautzman,Casey Kautzman,Casey Kautzman,199,71,PK,22,19,7,4,0,0,0,0,0,0,0
5093959,Emmanuel,Adagbon,Emmanuel Adagbon,Emmanuel Adagbon,195,70,PK,18,16,12,5,0,0,0,0,0,0,0
5093959,Emmanuel,Adagbon,Emmanuel Adagbon,Emmanuel Adagbon,195,70,PK,18,16,12,5,0,0,0,0,0,0,0
5093959,Emmanuel,Adagbon,Emmanuel Adagbon,Emmanuel Adagbon,195,70,PK,18,16,12,5,0,0,0,0,0,0,0
5093959,Emmanuel,Adagbon,Emmanuel Adagbon,Emmanuel Adagbon,195,70,PK,18,16,12,5,0,0,0,0,0,0,0
5096050,Liam,Rickman,Liam Rickman,Liam Rickman,222,72,PK,36,35,10,8,46,1,0,0,1,0,0
5096050,Liam,Rickman,Liam Rickman,Liam Rickman,222,72,PK,36,35,10,8,46,1,0,0,1,0,0
5096050,Liam,Rickman,Liam Rickman,Liam Rickman,222,72,PK,36,35,10,8,46,1,0,0,1,0,0
5097133,Eric,Bernstein,Eric Bernstein,Eric Bernstein,205,74,PK,4,4,2,1,0,0,0,0,0,0,0
5098564,Beckett,Leary,Beckett Leary,Beckett Leary,215,75,PK,17,16,11,6,0,0,0,0,0,0,0
5098581,Jack,Barnum,Jack Barnum,Jack Barnum,197,73,PK,31,30,18,13,0,0,0,0,0,0,0
5100466,Ewan,Johnson,Ewan Johnson,Ewan Johnson,160,70,PK,24,24,13,8,0,0,0,0,0,0,0
5100573,Anthony,Turnage,Anthony Turnage,Anthony Turnage,170,71,PK,5,4,6,4,0,0,0,0,0,0,0
5100573,Anthony,Turnage,Anthony Turnage,Anthony Turnage,170,71,PK,5,4,6,4,0,0,0,0,0,0,0
5100573,Anthony,Turnage,Anthony Turnage,Anthony Turnage,170,71,PK,5,4,6,4,0,0,0,0,0,0,0
5102149,Andrew,Lastovka,Andrew Lastovka,Andrew Lastovka,165,68,PK,47,45,20,17,0,0,0,0,0,0,0
5102149,Andrew,Lastovka,Andrew Lastovka,Andrew Lastovka,165,68,PK,47,45,20,17,0,0,0,0,0,0,0
5105172,Nathan,Kirkwood,Nathan Kirkwood,Nathan Kirkwood,174,74,PK,17,16,9,6,45,5,0,0,2,0,0
5105172,Nathan,Kirkwood,Nathan Kirkwood,Nathan Kirkwood,174,74,PK,17,16,9,6,45,5,0,0,2,0,0
5105172,Nathan,Kirkwood,Nathan Kirkwood,Nathan Kirkwood,174,74,PK,17,16,9,6,45,5,0,0,2,0,0
5105172,Nathan,Kirkwood,Nathan Kirkwood,Nathan Kirkwood,174,74,PK,17,16,9,6,45,5,0,0,2,0,0
5105172,Nathan,Kirkwood,Nathan Kirkwood,Nathan Kirkwood,174,74,PK,17,16,9,6,45,5,0,0,2,0,0
5105172,Nathan,Kirkwood,Nathan Kirkwood,Nathan Kirkwood,174,74,PK,17,16,9,6,45,5,0,0,2,0,0
5105172,Nathan,Kirkwood,Nathan Kirkwood,Nathan Kirkwood,174,74,PK,17,16,9,6,45,5,0,0,2,0,0
5105172,Nathan,Kirkwood,Nathan Kirkwood,Nathan Kirkwood,174,74,PK,17,16,9,6,45,5,0,0,2,0,0
5105172,Nathan,Kirkwood,Nathan Kirkwood,Nathan Kirkwood,174,74,PK,17,16,9,6,45,5,0,0,2,0,0
5105172,Nathan,Kirkwood,Nathan Kirkwood,Nathan Kirkwood,174,74,PK,17,16,9,6,45,5,0,0,2,0,0
5105172,Nathan,Kirkwood,Nathan Kirkwood,Nathan Kirkwood,174,74,PK,17,16,9,6,45,5,0,0,2,0,0
5105172,Nathan,Kirkwood,Nathan Kirkwood,Nathan Kirkwood,174,74,PK,17,16,9,6,45,5,0,0,2,0,0
5105172,Nathan,Kirkwood,Nathan Kirkwood,Nathan Kirkwood,174,74,PK,17,16,9,6,45,5,0,0,2,0,0
5105172,Nathan,Kirkwood,Nathan Kirkwood,Nathan Kirkwood,174,74,PK,17,16,9,6,45,5,0,0,2,0,0
5105172,Nathan,Kirkwood,Nathan Kirkwood,Nathan Kirkwood,174,74,PK,17,16,9,6,45,5,0,0,2,0,0
5105172,Nathan,Kirkwood,Nathan Kirkwood,Nathan Kirkwood,174,74,PK,17,16,9,6,45,5,0,0,2,0,0
5105172,Nathan,Kirkwood,Nathan Kirkwood,Nathan Kirkwood,174,74,PK,17,16,9,6,45,5,0,0,2,0,0
5151038,Kyle,Cunanan,Kyle Cunanan,Kyle Cunanan,165,70,PK,16,16,15,9,49,7,1,0,5,0,0
5151038,Kyle,Cunanan,Kyle Cunanan,Kyle Cunanan,165,70,PK,16,16,15,9,49,7,1,0,5,0,0
5151038,Kyle,Cunanan,Kyle Cunanan,Kyle Cunanan,165,70,PK,16,16,15,9,49,7,1,0,5,0,0
5151038,Kyle,Cunanan,Kyle Cunanan,Kyle Cunanan,165,70,PK,16,16,15,9,49,7,1,0,5,0,0
5151038,Kyle,Cunanan,Kyle Cunanan,Kyle Cunanan,165,70,PK,16,16,15,9,49,7,1,0,5,0,0
5151038,Kyle,Cunanan,Kyle Cunanan,Kyle Cunanan,165,70,PK,16,16,15,9,49,7,1,0,5,0,0
5151038,Kyle,Cunanan,Kyle Cunanan,Kyle Cunanan,165,70,PK,16,16,15,9,49,7,1,0,5,0,0
5151038,Kyle,Cunanan,Kyle Cunanan,Kyle Cunanan,165,70,PK,16,16,15,9,49,7,1,0,5,0,0
5151038,Kyle,Cunanan,Kyle Cunanan,Kyle Cunanan,165,70,PK,16,16,15,9,49,7,1,0,5,0,0
5151038,Kyle,Cunanan,Kyle Cunanan,Kyle Cunanan,165,70,PK,16,16,15,9,49,7,1,0,5,0,0
5151038,Kyle,Cunanan,Kyle Cunanan,Kyle Cunanan,165,70,PK,16,16,15,9,49,7,1,0,5,0,0
5151038,Kyle,Cunanan,Kyle Cunanan,Kyle Cunanan,165,70,PK,16,16,15,9,49,7,1,0,5,0,0
5151038,Kyle,Cunanan,Kyle Cunanan,Kyle Cunanan,165,70,PK,16,16,15,9,49,7,1,0,5,0,0
5151038,Kyle,Cunanan,Kyle Cunanan,Kyle Cunanan,165,70,PK,16,16,15,9,49,7,1,0,5,0,0
5151038,Kyle,Cunanan,Kyle Cunanan,Kyle Cunanan,165,70,PK,16,16,15,9,49,7,1,0,5,0,0
5151038,Kyle,Cunanan,Kyle Cunanan,Kyle Cunanan,165,70,PK,16,16,15,9,49,7,1,0,5,0,0
5151038,Kyle,Cunanan,Kyle Cunanan,Kyle Cunanan,165,70,PK,16,16,15,9,49,7,1,0,5,0,0
5151038,Kyle,Cunanan,Kyle Cunanan,Kyle Cunanan,165,70,PK,16,16,15,9,49,7,1,0,5,0,0
5151038,Kyle,Cunanan,Kyle Cunanan,Kyle Cunanan,165,70,PK,16,16,15,9,49,7,1,0,5,0,0
5153604,Owen,Wiley,Owen Wiley,Owen Wiley,190,72,PK,12,12,6,4,38,2,0,0,0,0,0
5153663,William,Testa,William Testa,William Testa,200,70,PK,7,7,3,2,32,0,0,0,0,0,0
5153663,William,Testa,William Testa,William Testa,200,70,PK,7,7,3,2,32,0,0,0,0,0,0
5155087,Gabriel,Plascencia,Gabriel Plascencia,Gabriel Plascencia,210,73,PK,2,2,4,4,46,1,0,0,1,0,0
5155087,Gabriel,Plascencia,Gabriel Plascencia,Gabriel Plascencia,210,73,PK,2,2,4,4,46,1,0,0,1,0,0
5155087,Gabriel,Plascencia,Gabriel Plascencia,Gabriel Plascencia,210,73,PK,2,2,4,4,46,1,0,0,1,0,0
5155087,Gabriel,Plascencia,Gabriel Plascencia,Gabriel Plascencia,210,73,PK,2,2,4,4,46,1,0,0,1,0,0
5156074,Alex,Kasee,Alex Kasee,Alex Kasee,161,74,PK,2,2,2,1,39,1,0,0,0,0,0
5156074,Alex,Kasee,Alex Kasee,Alex Kasee,161,74,PK,2,2,2,1,39,1,0,0,0,0,0
5156074,Alex,Kasee,Alex Kasee,Alex Kasee,161,74,PK,2,2,2,1,39,1,0,0,0,0,0
5156074,Alex,Kasee,Alex Kasee,Alex Kasee,161,74,PK,2,2,2,1,39,1,0,0,0,0,0
5156074,Alex,Kasee,Alex Kasee,Alex Kasee,161,74,PK,2,2,2,1,39,1,0,0,0,0,0
5156074,Alex,Kasee,Alex Kasee,Alex Kasee,161,74,PK,2,2,2,1,39,1,0,0,0,0,0
5156074,Alex,Kasee,Alex Kasee,Alex Kasee,161,74,PK,2,2,2,1,39,1,0,0,0,0,0
5156074,Alex,Kasee,Alex Kasee,Alex Kasee,161,74,PK,2,2,2,1,39,1,0,0,0,0,0
5156074,Alex,Kasee,Alex Kasee,Alex Kasee,161,74,PK,2,2,2,1,39,1,0,0,0,0,0
5156074,Alex,Kasee,Alex Kasee,Alex Kasee,161,74,PK,2,2,2,1,39,1,0,0,0,0,0
5156074,Alex,Kasee,Alex Kasee,Alex Kasee,161,74,PK,2,2,2,1,39,1,0,0,0,0,0
5156074,Alex,Kasee,Alex Kasee,Alex Kasee,161,74,PK,2,2,2,1,39,1,0,0,0,0,0
5156074,Alex,Kasee,Alex Kasee,Alex Kasee,161,74,PK,2,2,2,1,39,1,0,0,0,0,0
5156074,Alex,Kasee,Alex Kasee,Alex Kasee,161,74,PK,2,2,2,1,39,1,0,0,0,0,0
5156074,Alex,Kasee,Alex Kasee,Alex Kasee,161,74,PK,2,2,2,1,39,1,0,0,0,0,0
5156074,Alex,Kasee,Alex Kasee,Alex Kasee,161,74,PK,2,2,2,1,39,1,0,0,0,0,0
5156074,Alex,Kasee,Alex Kasee,Alex Kasee,161,74,PK,2,2,2,1,39,1,0,0,0,0,0
5156074,Alex,Kasee,Alex Kasee,Alex Kasee,161,74,PK,2,2,2,1,39,1,0,0,0,0,0
5156074,Alex,Kasee,Alex Kasee,Alex Kasee,161,74,PK,2,2,2,1,39,1,0,0,0,0,0
5156074,Alex,Kasee,Alex Kasee,Alex Kasee,161,74,PK,2,2,2,1,39,1,0,0,0,0,0
5156074,Alex,Kasee,Alex Kasee,Alex Kasee,161,74,PK,2,2,2,1,39,1,0,0,0,0,0
5156074,Alex,Kasee,Alex Kasee,Alex Kasee,161,74,PK,2,2,2,1,39,1,0,0,0,0,0
5156074,Alex,Kasee,Alex Kasee,Alex Kasee,161,74,PK,2,2,2,1,39,1,0,0,0,0,0
5156074,Alex,Kasee,Alex Kasee,Alex Kasee,161,74,PK,2,2,2,1,39,1,0,0,0,0,0
5156074,Alex,Kasee,Alex Kasee,Alex Kasee,161,74,PK,2,2,2,1,39,1,0,0,0,0,0
5156074,Alex,Kasee,Alex Kasee,Alex Kasee,161,74,PK,2,2,2,1,39,1,0,0,0,0,0
5156074,Alex,Kasee,Alex Kasee,Alex Kasee,161,74,PK,2,2,2,1,39,1,0,0,0,0,0
5156074,Alex,Kasee,Alex Kasee,Alex Kasee,161,74,PK,2,2,2,1,39,1,0,0,0,0,0
5156074,Alex,Kasee,Alex Kasee,Alex Kasee,161,74,PK,2,2,2,1,39,1,0,0,0,0,0
5156074,Alex,Kasee,Alex Kasee,Alex Kasee,161,74,PK,2,2,2,1,39,1,0,0,0,0,0
5156074,Alex,Kasee,Alex Kasee,Alex Kasee,161,74,PK,2,2,2,1,39,1,0,0,0,0,0
5156074,Alex,Kasee,Alex Kasee,Alex Kasee,161,74,PK,2,2,2,1,39,1,0,0,0,0,0
5156074,Alex,Kasee,Alex Kasee,Alex Kasee,161,74,PK,2,2,2,1,39,1,0,0,0,0,0
5156074,Alex,Kasee,Alex Kasee,Alex Kasee,161,74,PK,2,2,2,1,39,1,0,0,0,0,0
5161141,Mateen,Bhaghani,Mateen Bhaghani,Mateen Bhaghani,175,73,PK,27,27,9,8,43,2,0,0,2,0,0
5161141,Mateen,Bhaghani,Mateen Bhaghani,Mateen Bhaghani,175,73,PK,27,27,9,8,43,2,0,0,2,0,0
5161141,Mateen,Bhaghani,Mateen Bhaghani,Mateen Bhaghani,175,73,PK,27,27,9,8,43,2,0,0,2,0,0
5161141,Mateen,Bhaghani,Mateen Bhaghani,Mateen Bhaghani,175,73,PK,27,27,9,8,43,2,0,0,2,0,0
5161141,Mateen,Bhaghani,Mateen Bhaghani,Mateen Bhaghani,175,73,PK,27,27,9,8,43,2,0,0,2,0,0
5161141,Mateen,Bhaghani,Mateen Bhaghani,Mateen Bhaghani,175,73,PK,27,27,9,8,43,2,0,0,2,0,0
5161141,Mateen,Bhaghani,Mateen Bhaghani,Mateen Bhaghani,175,73,PK,27,27,9,8,43,2,0,0,2,0,0
5162686,Jackson,Courville,Jackson Courville,Jackson Courville,175,70,PK,25,24,21,15,48,4,4,0,3,0,0
5162686,Jackson,Courville,Jackson Courville,Jackson Courville,175,70,PK,25,24,21,15,48,4,4,0,3,0,0
5162686,Jackson,Courville,Jackson Courville,Jackson Courville,175,70,PK,25,24,21,15,48,4,4,0,3,0,0
5162686,Jackson,Courville,Jackson Courville,Jackson Courville,175,70,PK,25,24,21,15,48,4,4,0,3,0,0
5163090,Kameron,Lake,Kameron Lake,Kameron Lake,189,74,PK,4,4,2,1,20,0,0,0,0,0,0
5163090,Kameron,Lake,Kameron Lake,Kameron Lake,189,74,PK,4,4,2,1,20,0,0,0,0,0,0
5163090,Kameron,Lake,Kameron Lake,Kameron Lake,189,74,PK,4,4,2,1,20,0,0,0,0,0,0
